1428,12466,COLORADO RIVER AT COUNTY PARK,,,0.321,12/11/1984,1:00,0.3,TEXAS COMMISSION ON ENVIRONMENTAL QUALITY,TCEQ CENTRAL OFFICE,SPECIAL STUDY,Time,,"PHOSPHORUS, TOTAL, WET METHOD (MG/L AS P)",665,,1.76,Z161525,30.229473,-97.520581,CLEAR HOT RIVER FALLING,45521.13156
1428,12466,COLORADO RIVER AT COUNTY PARK,,,,12/12/1984,9:58,0.3,TEXAS COMMISSION ON ENVIRONMENTAL QUALITY,TCEQ CENTRAL OFFICE,SPECIAL STUDY,,,"PHOSPHORUS, TOTAL, WET METHOD (MG/L AS P)",665,,1.86,Z161531,30.229473,-97.520581,,45522.28417
1428,12466,COLORADO RIVER AT COUNTY PARK,,,,11/20/1986,10:30,0.3,TEXAS COMMISSION ON ENVIRONMENTAL QUALITY,TCEQ REGIONAL OFFICE,Routine - Monitoring not intentionally targeted toward any environmental condition or event,,,"PHOSPHORUS, TOTAL, WET METHOD (MG/L AS P)",665,,0.16,Z161532,30.229473,-97.520581,FC INCUBATOR NOT WORKING NORMAL HIGH SUMMER .RELEASES FROM LONGHORN DAM WATERSLIGHTLY TUR .BID LIGHT TAN -PALE GREEN IN COLOR: .,46228.60639
1428,12466,COLORADO RIVER AT COUNTY PARK,,,,2/3/1987,9:15,0.3,TEXAS COMMISSION ON ENVIRONMENTAL QUALITY,TCEQ REGIONAL OFFICE,Routine - Monitoring not intentionally targeted toward any environmental condition or event,,,"PHOSPHORUS, TOTAL, WET METHOD (MG/L AS P)",665,,0.16,Z161533,30.229473,-97.520581,DRERCAST SKY WATER TURBID LOTS OF PERIPHYTON,46303.55431
1428,12466,COLORADO RIVER AT COUNTY PARK,,,,5/20/1987,11:40,0.3,TEXAS COMMISSION ON ENVIRONMENTAL QUALITY,TCEQ REGIONAL OFFICE,Routine - Monitoring not intentionally targeted toward any environmental condition or event,,,"PHOSPHORUS, TOTAL, WET METHOD (MG/L AS P)",665,,0.3,Z161534,30.229473,-97.520581,,46409.795
1428,12466,COLORADO RIVER AT COUNTY PARK,,,,8/5/1987,10:20,0.3,TEXAS COMMISSION ON ENVIRONMENTAL QUALITY,TCEQ REGIONAL OFFICE,Routine - Monitoring not intentionally targeted toward any environmental condition or event,,,"PHOSPHORUS, TOTAL, WET METHOD (MG/L AS P)",665,,0.17,Z161535,30.229473,-97.520581,"CLEAR, WIND MODERATE. LCRA SAMPLING.",46486.60945
1428,12466,COLORADO RIVER AT COUNTY PARK,,,,11/19/1987,1:29,0.3,TEXAS COMMISSION ON ENVIRONMENTAL QUALITY,TCEQ REGIONAL OFFICE,Routine - Monitoring not intentionally targeted toward any environmental condition or event,,,"PHOSPHORUS, TOTAL, WET METHOD (MG/L AS P)",665,,0.9,Z161537,30.229473,-97.520581,MOSTLY CLOUDY & CALM. FISHERMAN LAUNCHING BOAT.,46592.9707
1428,12466,COLORADO RIVER AT COUNTY PARK,,,,2/16/1988,1:16,0.3,TEXAS COMMISSION ON ENVIRONMENTAL QUALITY,TCEQ REGIONAL OFFICE,Routine - Monitoring not intentionally targeted toward any environmental condition or event,,,"PHOSPHORUS, TOTAL, WET METHOD (MG/L AS P)",665,,1.79,Z161538,30.229473,-97.520581,PARTLY CLOUDY AND WINDY WATER SLIGHTLY TURBID ORGANICS IN WATER,46682.85167
1428,12466,COLORADO RIVER AT COUNTY PARK,,,,5/23/1988,11:15,0.3,TEXAS COMMISSION ON ENVIRONMENTAL QUALITY,TCEQ REGIONAL OFFICE,Routine - Monitoring not intentionally targeted toward any environmental condition or event,,,"PHOSPHORUS, TOTAL, WET METHOD (MG/L AS P)",665,,0.27,Z161539,30.229473,-97.520581,,46778.74764
1428,12466,COLORADO RIVER AT COUNTY PARK,,,,7/8/1988,10:12,0.3,TEXAS COMMISSION ON ENVIRONMENTAL QUALITY,TCEQ REGIONAL OFFICE,Routine - Monitoring not intentionally targeted toward any environmental condition or event,,,"PHOSPHORUS, TOTAL, WET METHOD (MG/L AS P)",665,,0.23,Z161540,30.229473,-97.520581,"COLD FRONT MOVED THRU EARLIER STRONG NORTH WI .ND 25-30MPH WATER CLEAR YOSLIGHTLY TURBID NO .RELEASES FROM DAM,EFFLUENT MOSTLY .",46824.66389
1428,12466,COLORADO RIVER AT COUNTY PARK,,,,11/1/1988,10:35,0.3,TEXAS COMMISSION ON ENVIRONMENTAL QUALITY,TCEQ REGIONAL OFFICE,Routine - Monitoring not intentionally targeted toward any environmental condition or event,,,"PHOSPHORUS, TOTAL, WET METHOD (MG/L AS P)",665,,3.5,Z161542,30.229473,-97.520581,OVERCAST CALM LIGHT DRIZZLE HEAVY RAINS THE NIGHT BEFORE RIVER TURBID,46943.94986
1428,12466,COLORADO RIVER AT COUNTY PARK,,,,2/10/1989,10:30,0.3,TEXAS COMMISSION ON ENVIRONMENTAL QUALITY,TCEQ REGIONAL OFFICE,Routine - Monitoring not intentionally targeted toward any environmental condition or event,,,"PHOSPHORUS, TOTAL, WET METHOD (MG/L AS P)",665,,1.22,Z161543,30.229473,-97.520581,LOTS OF SUSPENDED PARTICLES IN WATER LOTS OF .BROWN PERIPHYTON SUNNY SKY TEMP 21C .,47042.66639
1428,12466,COLORADO RIVER AT COUNTY PARK,,,,4/10/1989,3:30,0.3,LOWER COLORADO RIVER AUTHORITY,DEFAULT CODE FOR UNKNOWN SOURCES,Routine - Monitoring not intentionally targeted toward any environmental condition or event,,,"PHOSPHORUS, TOTAL, WET METHOD (MG/L AS P)",665,,0.49,L038117,30.229473,-97.520581,,47100.64473
1428,12466,COLORADO RIVER AT COUNTY PARK,,,,4/25/1989,10:45,0.3,TEXAS COMMISSION ON ENVIRONMENTAL QUALITY,TCEQ REGIONAL OFFICE,Routine - Monitoring not intentionally targeted toward any environmental condition or event,,,"PHOSPHORUS, TOTAL, WET METHOD (MG/L AS P)",665,,0.46,Z161544,30.229473,-97.520581, The 0.321m depth is an assumed value that was populated during migration to SWQMIS.,47115.91681
1428,12466,COLORADO RIVER AT COUNTY PARK,,,,5/8/1989,2:50,0.3,LOWER COLORADO RIVER AUTHORITY,DEFAULT CODE FOR UNKNOWN SOURCES,Routine - Monitoring not intentionally targeted toward any environmental condition or event,,,"PHOSPHORUS, TOTAL, WET METHOD (MG/L AS P)",665,,0.34,L038118,30.229473,-97.520581,OVERCAST SKY WATER TURBID GREEN-GRAY IN COLOR,47128.46695
1428,12466,COLORADO RIVER AT COUNTY PARK,,,,6/12/1989,3:25,0.3,LOWER COLORADO RIVER AUTHORITY,DEFAULT CODE FOR UNKNOWN SOURCES,Routine - Monitoring not intentionally targeted toward any environmental condition or event,,,"PHOSPHORUS, TOTAL, WET METHOD (MG/L AS P)",665,,0.33,L038119,30.229473,-97.520581,MOSTLY CLOUDY SKY WATER TURBID AMBIENT TEMPER .ATURE 24.20C .,47163.48125
1428,12466,COLORADO RIVER AT COUNTY PARK,,,,6/27/1989,11:40,0.3,TEXAS COMMISSION ON ENVIRONMENTAL QUALITY,TCEQ REGIONAL OFFICE,Routine - Monitoring not intentionally targeted toward any environmental condition or event,,,"PHOSPHORUS, TOTAL, WET METHOD (MG/L AS P)",665,,0.253,Z161545,30.229473,-97.520581,,47178.748
1428,12466,COLORADO RIVER AT COUNTY PARK,,,,8/15/1989,2:10,0.3,LOWER COLORADO RIVER AUTHORITY,DEFAULT CODE FOR UNKNOWN SOURCES,Routine - Monitoring not intentionally targeted toward any environmental condition or event,,,"PHOSPHORUS, TOTAL, WET METHOD (MG/L AS P)",665,,0.46,L038120,30.229473,-97.520581,,47227.55917
1428,12466,COLORADO RIVER AT COUNTY PARK,,,,8/22/1989,12:10,0.3,TEXAS COMMISSION ON ENVIRONMENTAL QUALITY,TCEQ REGIONAL OFFICE,Routine - Monitoring not intentionally targeted toward any environmental condition or event,,,"PHOSPHORUS, TOTAL, WET METHOD (MG/L AS P)",665,,0.715,Z161546,30.229473,-97.520581,,47235.23084
1428,12466,COLORADO RIVER AT COUNTY PARK,,,,10/3/1989,3:00,0.3,LOWER COLORADO RIVER AUTHORITY,DEFAULT CODE FOR UNKNOWN SOURCES,Routine - Monitoring not intentionally targeted toward any environmental condition or event,,,"PHOSPHORUS, TOTAL, WET METHOD (MG/L AS P)",665,,0.36,L038121,30.229473,-97.520581,,47276.49389
1428,12466,COLORADO RIVER AT COUNTY PARK,,,,11/28/1989,9:15,0.3,TEXAS COMMISSION ON ENVIRONMENTAL QUALITY,TCEQ REGIONAL OFFICE,Routine - Monitoring not intentionally targeted toward any environmental condition or event,,,"PHOSPHORUS, TOTAL, WET METHOD (MG/L AS P)",665,,2.53,Z161547,30.229473,-97.520581,SKY CLOUDY AND COOL WATER CLEAR WITH STRONG SMELL OF WASTEWATER EFFLUENT LOTS OFGAMBUSIA ONE 7 INCH LARGEMOUTH BASS SEEN LOTS OF DEAD BIVALVES CLUMPS OF AQUATICMACROPHYTES,47334.92431
1428,12466,COLORADO RIVER AT COUNTY PARK,,,,12/12/1989,12:40,0.3,LOWER COLORADO RIVER AUTHORITY,DEFAULT CODE FOR UNKNOWN SOURCES,Routine - Monitoring not intentionally targeted toward any environmental condition or event,,,"PHOSPHORUS, TOTAL, WET METHOD (MG/L AS P)",665,,3.25,L038122,30.229473,-97.520581,WATER SLIGHTLY TURBID GREEN TINT SUNNY SKY 50 F,47349.78667
1428,12466,COLORADO RIVER AT COUNTY PARK,,,,1/8/1990,12:10,0.3,TEXAS COMMISSION ON ENVIRONMENTAL QUALITY,TCEQ REGIONAL OFFICE,Routine - Monitoring not intentionally targeted toward any environmental condition or event,,,"PHOSPHORUS, TOTAL, WET METHOD (MG/L AS P)",665,,1.94,Z161548,30.229473,-97.520581,,47375.45584
1428,12466,COLORADO RIVER AT COUNTY PARK,,,,1/24/1990,1:00,0.3,LOWER COLORADO RIVER AUTHORITY,DEFAULT CODE FOR UNKNOWN SOURCES,Routine - Monitoring not intentionally targeted toward any environmental condition or event,,,"PHOSPHORUS, TOTAL, WET METHOD (MG/L AS P)",665,,2.66,L038123,30.229473,-97.520581, MODERATE RAIN 2 DAYS BEFORE SAMPLE. THE RIVER WAS MORE TURBID THAN NORMAL,47391.71056
1428,12466,COLORADO RIVER AT COUNTY PARK,,,,3/26/1990,12:30,0.3,LOWER COLORADO RIVER AUTHORITY,DEFAULT CODE FOR UNKNOWN SOURCES,Routine - Monitoring not intentionally targeted toward any environmental condition or event,,,"PHOSPHORUS, TOTAL, WET METHOD (MG/L AS P)",665,,0.73,L038124,30.229473,-97.520581,,47451.25973
1428,12466,COLORADO RIVER AT COUNTY PARK,,,,5/22/1990,2:05,0.3,LOWER COLORADO RIVER AUTHORITY,DEFAULT CODE FOR UNKNOWN SOURCES,Routine - Monitoring not intentionally targeted toward any environmental condition or event,,,"PHOSPHORUS, TOTAL, WET METHOD (MG/L AS P)",665,,0.44,L038125,30.229473,-97.520581,,47507.5357
1428,12466,COLORADO RIVER AT COUNTY PARK,,,,5/30/1990,1:10,0.3,TEXAS COMMISSION ON ENVIRONMENTAL QUALITY,TCEQ REGIONAL OFFICE,Routine - Monitoring not intentionally targeted toward any environmental condition or event,,,"PHOSPHORUS, TOTAL, WET METHOD (MG/L AS P)",665,,0.3,Z161549,30.229473,-97.520581," RIVER IN FLOOD CONDITIONS BECAUSE OF HEAVY RAIN AND DAM RELEASES UPSTREAM,SEINE FISH NEAR PARKING LOT",47515.3575
1428,12466,COLORADO RIVER AT COUNTY PARK,,,,8/6/1990,1:15,0.3,TEXAS COMMISSION ON ENVIRONMENTAL QUALITY,TCEQ REGIONAL OFFICE,Routine - Monitoring not intentionally targeted toward any environmental condition or event,,,"PHOSPHORUS, TOTAL, WET METHOD (MG/L AS P)",665,,0.34,Z161552,30.229473,-97.520581,,47583.40098
1428,12466,COLORADO RIVER AT COUNTY PARK,,,,8/13/1990,10:10,0.3,LOWER COLORADO RIVER AUTHORITY,DEFAULT CODE FOR UNKNOWN SOURCES,Routine - Monitoring not intentionally targeted toward any environmental condition or event,,,"PHOSPHORUS, TOTAL, WET METHOD (MG/L AS P)",665,,0.3,L038126,30.229473,-97.520581,,47590.7325
1428,12466,COLORADO RIVER AT COUNTY PARK,,,,10/15/1990,11:10,0.3,LOWER COLORADO RIVER AUTHORITY,DEFAULT CODE FOR UNKNOWN SOURCES,Routine - Monitoring not intentionally targeted toward any environmental condition or event,,,"PHOSPHORUS, TOTAL, WET METHOD (MG/L AS P)",665,,1.9,L038127,30.229473,-97.520581,,47655.37417
1428,12466,COLORADO RIVER AT COUNTY PARK,,,,11/29/1990,11:00,0.3,TEXAS COMMISSION ON ENVIRONMENTAL QUALITY,TCEQ REGIONAL OFFICE,Routine - Monitoring not intentionally targeted toward any environmental condition or event,,,"PHOSPHORUS, TOTAL, WET METHOD (MG/L AS P)",665,,10,X005269,30.229473,-97.520581,,47708.46723
1428,12466,COLORADO RIVER AT COUNTY PARK,,,,12/11/1990,10:05,0.3,LOWER COLORADO RIVER AUTHORITY,DEFAULT CODE FOR UNKNOWN SOURCES,Routine - Monitoring not intentionally targeted toward any environmental condition or event,,,"PHOSPHORUS, TOTAL, WET METHOD (MG/L AS P)",665,,2.08,L038128,30.229473,-97.520581,"FLOW RATE TOO HIGH TO GET SECCHI DISC MEASUREMENT, WATER WAS MOSTLY CLEAR, PERIPHYTON ON RUBBLE, SLIGHT AMOUNT OF RAIN EARLIER IN MORNING.",47712.50903
1428,12466,COLORADO RIVER AT COUNTY PARK,,,,2/11/1991,1:34,0.3,TEXAS COMMISSION ON ENVIRONMENTAL QUALITY,TCEQ REGIONAL OFFICE,Routine - Monitoring not intentionally targeted toward any environmental condition or event,,,"PHOSPHORUS, TOTAL, WET METHOD (MG/L AS P)",665,,0.782,Z161553,30.229473,-97.520581,,47772.85617
1428,12466,COLORADO RIVER AT COUNTY PARK,,,,2/12/1991,9:55,0.3,LOWER COLORADO RIVER AUTHORITY,DEFAULT CODE FOR UNKNOWN SOURCES,Routine - Monitoring not intentionally targeted toward any environmental condition or event,,,"PHOSPHORUS, TOTAL, WET METHOD (MG/L AS P)",665,,0.98,L038129,30.229473,-97.520581,,47774.40209
1428,12466,COLORADO RIVER AT COUNTY PARK,,,,3/11/1991,11:45,0.3,TEXAS COMMISSION ON ENVIRONMENTAL QUALITY,TCEQ REGIONAL OFFICE,Routine - Monitoring not intentionally targeted toward any environmental condition or event,,,"PHOSPHORUS, TOTAL, WET METHOD (MG/L AS P)",665,,0.45,Z161554,30.229473,-97.520581,,47800.94848
1428,12466,COLORADO RIVER AT COUNTY PARK,,,,4/9/1991,11:10,0.3,LOWER COLORADO RIVER AUTHORITY,DEFAULT CODE FOR UNKNOWN SOURCES,Routine - Monitoring not intentionally targeted toward any environmental condition or event,,,"PHOSPHORUS, TOTAL, WET METHOD (MG/L AS P)",665,,0.44,L038130,30.229473,-97.520581,,47829.91417
1428,12466,COLORADO RIVER AT COUNTY PARK,,,,6/18/1991,11:40,0.3,LOWER COLORADO RIVER AUTHORITY,DEFAULT CODE FOR UNKNOWN SOURCES,Routine - Monitoring not intentionally targeted toward any environmental condition or event,,,"PHOSPHORUS, TOTAL, WET METHOD (MG/L AS P)",665,,0.21,L038131,30.229473,-97.520581,,47899.705
1428,12466,COLORADO RIVER AT COUNTY PARK,,,,7/10/1991,11:25,0.3,TEXAS COMMISSION ON ENVIRONMENTAL QUALITY,TCEQ REGIONAL OFFICE,Routine - Monitoring not intentionally targeted toward any environmental condition or event,,,"PHOSPHORUS, TOTAL, WET METHOD (MG/L AS P)",665,,0.31,Z161556,30.229473,-97.520581,,47921.79459
1428,12466,COLORADO RIVER AT COUNTY PARK,,,,8/13/1991,11:30,0.3,LOWER COLORADO RIVER AUTHORITY,DEFAULT CODE FOR UNKNOWN SOURCES,Routine - Monitoring not intentionally targeted toward any environmental condition or event,,,"PHOSPHORUS, TOTAL, WET METHOD (MG/L AS P)",665,,0.27,L038132,30.229473,-97.520581,,47955.75806
1428,12466,COLORADO RIVER AT COUNTY PARK,,,,10/28/1991,10:30,0.3,LOWER COLORADO RIVER AUTHORITY,DEFAULT CODE FOR UNKNOWN SOURCES,Routine - Monitoring not intentionally targeted toward any environmental condition or event,,,"PHOSPHORUS, TOTAL, WET METHOD (MG/L AS P)",665,,1.54,L038133,30.229473,-97.520581,,48032.98639
1428,12466,COLORADO RIVER AT COUNTY PARK,,,,11/18/1991,12:10,0.3,TEXAS COMMISSION ON ENVIRONMENTAL QUALITY,TCEQ REGIONAL OFFICE,Routine - Monitoring not intentionally targeted toward any environmental condition or event,,,"PHOSPHORUS, TOTAL, WET METHOD (MG/L AS P)",665,,0.79,9803,30.229473,-97.520581,,57856.30584
1428,12466,COLORADO RIVER AT COUNTY PARK,,,,12/10/1991,10:15,0.3,LOWER COLORADO RIVER AUTHORITY,DEFAULT CODE FOR UNKNOWN SOURCES,Routine - Monitoring not intentionally targeted toward any environmental condition or event,,,"PHOSPHORUS, TOTAL, WET METHOD (MG/L AS P)",665,,0.69,L038134,30.229473,-97.520581,,48075.12598
1428,12466,COLORADO RIVER AT COUNTY PARK,,,,2/10/1992,10:25,0.3,LOWER COLORADO RIVER AUTHORITY,DEFAULT CODE FOR UNKNOWN SOURCES,Routine - Monitoring not intentionally targeted toward any environmental condition or event,,,"PHOSPHORUS, TOTAL, WET METHOD (MG/L AS P)",665,,0.06,L038135,30.229473,-97.520581,"LIM    1 SALG 2 Containers only! Use CHLA container, keep in refrigerator.LIM 00593     1 TRDE above cal curve",48136.50292
1428,12466,COLORADO RIVER AT COUNTY PARK,,,,3/11/1992,12:20,0.3,TEXAS COMMISSION ON ENVIRONMENTAL QUALITY,TCEQ REGIONAL OFFICE,Routine - Monitoring not intentionally targeted toward any environmental condition or event,,,"PHOSPHORUS, TOTAL, WET METHOD (MG/L AS P)",665,,0.08,X010118,30.229473,-97.520581,,48166.60278
1428,12466,COLORADO RIVER AT COUNTY PARK,,,,4/21/1992,11:25,0.3,LOWER COLORADO RIVER AUTHORITY,DEFAULT CODE FOR UNKNOWN SOURCES,Routine - Monitoring not intentionally targeted toward any environmental condition or event,,,"PHOSPHORUS, TOTAL, WET METHOD (MG/L AS P)",665,,0.16,L038136,30.229473,-97.520581,,48207.64459
1428,12466,COLORADO RIVER AT COUNTY PARK,,,,5/12/1992,2:00,0.3,TEXAS COMMISSION ON ENVIRONMENTAL QUALITY,TCEQ REGIONAL OFFICE,Routine - Monitoring not intentionally targeted toward any environmental condition or event,,,"PHOSPHORUS, TOTAL, WET METHOD (MG/L AS P)",665,,0.16,853,30.229473,-97.520581,,49081.25223
1428,12466,COLORADO RIVER AT COUNTY PARK,,,,6/16/1992,11:00,0.3,LOWER COLORADO RIVER AUTHORITY,DEFAULT CODE FOR UNKNOWN SOURCES,Routine - Monitoring not intentionally targeted toward any environmental condition or event,,,"PHOSPHORUS, TOTAL, WET METHOD (MG/L AS P)",665,,0.087,L038137,30.229473,-97.520581,,48263.55423
1428,12466,COLORADO RIVER AT COUNTY PARK,,,,8/10/1992,12:50,0.3,TEXAS COMMISSION ON ENVIRONMENTAL QUALITY,TCEQ REGIONAL OFFICE,Routine - Monitoring not intentionally targeted toward any environmental condition or event,,,"PHOSPHORUS, TOTAL, WET METHOD (MG/L AS P)",665,,0.23,1713,30.229473,-97.520581,,50031.77361
1428,12466,COLORADO RIVER AT COUNTY PARK,,,,8/25/1992,11:45,0.3,LOWER COLORADO RIVER AUTHORITY,DEFAULT CODE FOR UNKNOWN SOURCES,Routine - Monitoring not intentionally targeted toward any environmental condition or event,,,"PHOSPHORUS, TOTAL, WET METHOD (MG/L AS P)",665,,0.235,L038138,30.229473,-97.520581,,48333.73348
1428,12466,COLORADO RIVER AT COUNTY PARK,,,,10/7/1992,3:05,0.3,TEXAS COMMISSION ON ENVIRONMENTAL QUALITY,TCEQ REGIONAL OFFICE,Routine - Monitoring not intentionally targeted toward any environmental condition or event,,,"PHOSPHORUS, TOTAL, WET METHOD (MG/L AS P)",665,,0.33,1726,30.229473,-97.520581,,50102.46736
1428,12466,COLORADO RIVER AT COUNTY PARK,,,,10/13/1992,12:40,0.3,LOWER COLORADO RIVER AUTHORITY,DEFAULT CODE FOR UNKNOWN SOURCES,Routine - Monitoring not intentionally targeted toward any environmental condition or event,,,"PHOSPHORUS, TOTAL, WET METHOD (MG/L AS P)",665,,0.737,L038139,30.229473,-97.520581,,48383.27367
1428,12466,COLORADO RIVER AT COUNTY PARK,,,,12/14/1992,10:25,0.3,LOWER COLORADO RIVER AUTHORITY,DEFAULT CODE FOR UNKNOWN SOURCES,Routine - Monitoring not intentionally targeted toward any environmental condition or event,,,"PHOSPHORUS, TOTAL, WET METHOD (MG/L AS P)",665,,1.014,L038140,30.229473,-97.520581,,48445.45692
1428,12466,COLORADO RIVER AT COUNTY PARK,,,,2/3/1993,11:10,0.3,LOWER COLORADO RIVER AUTHORITY,DEFAULT CODE FOR UNKNOWN SOURCES,Routine - Monitoring not intentionally targeted toward any environmental condition or event,,,"PHOSPHORUS, TOTAL, WET METHOD (MG/L AS P)",665,,0.773,L038141,30.229473,-97.520581,,48496.24717
1428,12466,COLORADO RIVER AT COUNTY PARK,,,,2/25/1993,10:30,0.304878,TEXAS COMMISSION ON ENVIRONMENTAL QUALITY,TCEQ REGIONAL OFFICE,Routine - Monitoring not intentionally targeted toward any environmental condition or event,,,"PHOSPHORUS, TOTAL, WET METHOD (MG/L AS P)",665,,0.74,1769,30.229473,-97.520581,,50287.19127
1428,12466,COLORADO RIVER AT COUNTY PARK,,,,3/25/1993,8:50,0.3,TEXAS COMMISSION ON ENVIRONMENTAL QUALITY,TCEQ REGIONAL OFFICE,Routine - Monitoring not intentionally targeted toward any environmental condition or event,,,"PHOSPHORUS, TOTAL, WET METHOD (MG/L AS P)",665,,0.12,1757,30.229473,-97.520581,,50302.49695
1428,12466,COLORADO RIVER AT COUNTY PARK,,,,4/12/1993,11:30,0.3,LOWER COLORADO RIVER AUTHORITY,DEFAULT CODE FOR UNKNOWN SOURCES,Routine - Monitoring not intentionally targeted toward any environmental condition or event,,,"PHOSPHORUS, TOTAL, WET METHOD (MG/L AS P)",665,,0.28,L038142,30.229473,-97.520581,,48563.76806
1428,12466,COLORADO RIVER AT COUNTY PARK,,,,6/7/1993,11:30,0.3,LOWER COLORADO RIVER AUTHORITY,DEFAULT CODE FOR UNKNOWN SOURCES,Routine - Monitoring not intentionally targeted toward any environmental condition or event,,,"PHOSPHORUS, TOTAL, WET METHOD (MG/L AS P)",665,,0.385,L038143,30.229473,-97.520581,,48619.87306
1428,12466,COLORADO RIVER AT COUNTY PARK,,,,6/30/1993,11:50,0.304878,TEXAS COMMISSION ON ENVIRONMENTAL QUALITY,TCEQ REGIONAL OFFICE,Routine - Monitoring not intentionally targeted toward any environmental condition or event,,,"PHOSPHORUS, TOTAL, WET METHOD (MG/L AS P)",665,,0.32,3173,30.229473,-97.520581,,51815.82683
1428,12466,COLORADO RIVER AT COUNTY PARK,,,,11/4/1993,2:45,0.304878,TEXAS COMMISSION ON ENVIRONMENTAL QUALITY,TCEQ REGIONAL OFFICE,Routine - Monitoring not intentionally targeted toward any environmental condition or event,,,"PHOSPHORUS, TOTAL, WET METHOD (MG/L AS P)",665,,0.74,3237,30.229473,-97.520581,,52006.86835
1428,12466,COLORADO RIVER AT COUNTY PARK,,,,1/28/1994,1:45,0.304878,TEXAS COMMISSION ON ENVIRONMENTAL QUALITY,TCEQ REGIONAL OFFICE,Routine - Monitoring not intentionally targeted toward any environmental condition or event,,,"PHOSPHORUS, TOTAL, WET METHOD (MG/L AS P)",665,,0.599,6954,30.229473,-97.520581,,55808.68569
1428,12466,COLORADO RIVER AT COUNTY PARK,,,,2/15/1994,10:30,0.3,LOWER COLORADO RIVER AUTHORITY,DEFAULT CODE FOR UNKNOWN SOURCES,Routine - Monitoring not intentionally targeted toward any environmental condition or event,,,"PHOSPHORUS, TOTAL, WET METHOD (MG/L AS P)",665,,1.003,L040352,30.229473,-97.520581,,48873.44939
1428,12466,COLORADO RIVER AT COUNTY PARK,,,,4/14/1994,1:45,0.3,LOWER COLORADO RIVER AUTHORITY,DEFAULT CODE FOR UNKNOWN SOURCES,Routine - Monitoring not intentionally targeted toward any environmental condition or event,,,"PHOSPHORUS, TOTAL, WET METHOD (MG/L AS P)",665,,0.296,L040447,30.229473,-97.520581,,48930.37781
1428,12466,COLORADO RIVER AT COUNTY PARK,,,,5/11/1994,11:25,0.304878,TEXAS COMMISSION ON ENVIRONMENTAL QUALITY,TCEQ REGIONAL OFFICE,Routine - Monitoring not intentionally targeted toward any environmental condition or event,,,"PHOSPHORUS, TOTAL, WET METHOD (MG/L AS P)",665,,0.3,6994,30.229473,-97.520581,,55951.78946
1428,12466,COLORADO RIVER AT COUNTY PARK,,,,6/6/1994,11:25,0.3,LOWER COLORADO RIVER AUTHORITY,DEFAULT CODE FOR UNKNOWN SOURCES,Routine - Monitoring not intentionally targeted toward any environmental condition or event,,,"PHOSPHORUS, TOTAL, WET METHOD (MG/L AS P)",665,,0.286,L040486,30.229473,-97.520581,,48983.77059
1428,12466,COLORADO RIVER AT COUNTY PARK,,,,7/26/1994,12:00,0.304878,TEXAS COMMISSION ON ENVIRONMENTAL QUALITY,TCEQ REGIONAL OFFICE,Routine - Monitoring not intentionally targeted toward any environmental condition or event,,,"PHOSPHORUS, TOTAL, WET METHOD (MG/L AS P)",665,,0.23,8354,30.229473,-97.520581,,57387.74377
1428,12466,COLORADO RIVER AT COUNTY PARK,,,,8/2/1994,11:15,0.3,LOWER COLORADO RIVER AUTHORITY,DEFAULT CODE FOR UNKNOWN SOURCES,Routine - Monitoring not intentionally targeted toward any environmental condition or event,,,"PHOSPHORUS, TOTAL, WET METHOD (MG/L AS P)",665,,0.18,L040681,30.229473,-97.520581,,49040.65764
1428,12466,COLORADO RIVER AT COUNTY PARK,,,,10/13/1994,3:10,0.3,LOWER COLORADO RIVER AUTHORITY,DEFAULT CODE FOR UNKNOWN SOURCES,Routine - Monitoring not intentionally targeted toward any environmental condition or event,,,"PHOSPHORUS, TOTAL, WET METHOD (MG/L AS P)",665,,0.869,L040761,30.229473,-97.520581,,49113.00984
1428,12466,COLORADO RIVER AT COUNTY PARK,,,,12/13/1994,10:45,14.33,LOWER COLORADO RIVER AUTHORITY,DEFAULT CODE FOR UNKNOWN SOURCES,Routine - Monitoring not intentionally targeted toward any environmental condition or event,,,"PHOSPHORUS, TOTAL, WET METHOD (MG/L AS P)",665,,1.319,L040897,30.229473,-97.520581,,49188.80581
1428,12466,COLORADO RIVER AT COUNTY PARK,,,,12/13/1994,11:00,14.33,LOWER COLORADO RIVER AUTHORITY,DEFAULT CODE FOR UNKNOWN SOURCES,Routine - Monitoring not intentionally targeted toward any environmental condition or event,,,"PHOSPHORUS, TOTAL, WET METHOD (MG/L AS P)",665,,0.769,L040900,30.229473,-97.520581,,49188.26623
1428,12466,COLORADO RIVER AT COUNTY PARK,,,,12/13/1994,11:00,14.33,LOWER COLORADO RIVER AUTHORITY,DEFAULT CODE FOR UNKNOWN SOURCES,Routine - Monitoring not intentionally targeted toward any environmental condition or event,,,"PHOSPHORUS, TOTAL, WET METHOD (MG/L AS P)",665,,0.683,L040901,30.229473,-97.520581,,49188.18023
1428,12466,COLORADO RIVER AT COUNTY PARK,,,,1/30/1995,11:00,0.3,TEXAS COMMISSION ON ENVIRONMENTAL QUALITY,TCEQ REGIONAL OFFICE,Routine - Monitoring not intentionally targeted toward any environmental condition or event,,,"PHOSPHORUS, TOTAL, WET METHOD (MG/L AS P)",665,,0.72,10867,30.229473,-97.520581,,60089.18723
1428,12466,COLORADO RIVER AT COUNTY PARK,,,,2/22/1995,11:00,0.3,LOWER COLORADO RIVER AUTHORITY,DEFAULT CODE FOR UNKNOWN SOURCES,Routine - Monitoring not intentionally targeted toward any environmental condition or event,,,"PHOSPHORUS, TOTAL, WET METHOD (MG/L AS P)",665,,0.971,L040602,30.229473,-97.520581,,49245.43823
1428,12466,COLORADO RIVER AT COUNTY PARK,,,,3/20/1995,2:05,0.3,TEXAS COMMISSION ON ENVIRONMENTAL QUALITY,TCEQ REGIONAL OFFICE,Routine - Monitoring not intentionally targeted toward any environmental condition or event,,,"PHOSPHORUS, TOTAL, WET METHOD (MG/L AS P)",665,,0.73,10797,30.229473,-97.520581,,60067.8257
1428,12466,COLORADO RIVER AT COUNTY PARK,,,,4/19/1995,11:10,0.3,LOWER COLORADO RIVER AUTHORITY,DEFAULT CODE FOR UNKNOWN SOURCES,Routine - Monitoring not intentionally targeted toward any environmental condition or event,,,"PHOSPHORUS, TOTAL, WET METHOD (MG/L AS P)",665,,0.521,L040173,30.229473,-97.520581,,49300.99517
1428,12466,COLORADO RIVER AT COUNTY PARK,,,,4/25/1995,11:15,0.3,LOWER COLORADO RIVER AUTHORITY,DEFAULT CODE FOR UNKNOWN SOURCES,Routine - Monitoring not intentionally targeted toward any environmental condition or event,,,"PHOSPHORUS, TOTAL, WET METHOD (MG/L AS P)",665,,0.424,L040180,30.229473,-97.520581,,49306.90164
1428,12466,COLORADO RIVER AT COUNTY PARK,,,,6/5/1995,11:45,0.3,LOWER COLORADO RIVER AUTHORITY,DEFAULT CODE FOR UNKNOWN SOURCES,Routine - Monitoring not intentionally targeted toward any environmental condition or event,,,"PHOSPHORUS, TOTAL, WET METHOD (MG/L AS P)",665,,0.082,L040199,30.229473,-97.520581,,49347.58048
1428,12466,COLORADO RIVER AT COUNTY PARK,,,,8/15/1995,2:10,0.3,TEXAS COMMISSION ON ENVIRONMENTAL QUALITY,TCEQ REGIONAL OFFICE,Routine - Monitoring not intentionally targeted toward any environmental condition or event,,,"PHOSPHORUS, TOTAL, WET METHOD (MG/L AS P)",665,,0.3,10847,30.229473,-97.520581,,60265.39917
1428,12466,COLORADO RIVER AT COUNTY PARK,,,,8/15/1995,11:35,0.3,LOWER COLORADO RIVER AUTHORITY,DEFAULT CODE FOR UNKNOWN SOURCES,Routine - Monitoring not intentionally targeted toward any environmental condition or event,,,"PHOSPHORUS, TOTAL, WET METHOD (MG/L AS P)",665,,0.36,L040797,30.229473,-97.520581,,49418.85153
1428,12466,COLORADO RIVER AT COUNTY PARK,,,,10/4/1995,1:45,0.3,TEXAS COMMISSION ON ENVIRONMENTAL QUALITY,TCEQ REGIONAL OFFICE,Routine - Monitoring not intentionally targeted toward any environmental condition or event,,,"PHOSPHORUS, TOTAL, WET METHOD (MG/L AS P)",665,,0.32,13298,30.229473,-97.520581,,62766.40181
1428,12466,COLORADO RIVER AT COUNTY PARK,,,,10/16/1995,11:40,0.3,LOWER COLORADO RIVER AUTHORITY,DEFAULT CODE FOR UNKNOWN SOURCES,Routine - Monitoring not intentionally targeted toward any environmental condition or event,,,"PHOSPHORUS, TOTAL, WET METHOD (MG/L AS P)",665,,0.619,L040978,30.229473,-97.520581,,49481.114
1428,12466,COLORADO RIVER AT COUNTY PARK,,,,12/19/1995,10:15,0.3,LOWER COLORADO RIVER AUTHORITY,DEFAULT CODE FOR UNKNOWN SOURCES,Routine - Monitoring not intentionally targeted toward any environmental condition or event,,,"PHOSPHORUS, TOTAL, WET METHOD (MG/L AS P)",665,,1.258,L041063,30.229473,-97.520581,,49545.69398
1428,12466,COLORADO RIVER AT COUNTY PARK,,,,2/7/1996,10:30,0.3,TEXAS COMMISSION ON ENVIRONMENTAL QUALITY,TCEQ REGIONAL OFFICE,Routine - Monitoring not intentionally targeted toward any environmental condition or event,,,"PHOSPHORUS, TOTAL, WET METHOD (MG/L AS P)",665,,1.02,14384,30.229473,-97.520581,,63979.46639
1428,12466,COLORADO RIVER AT COUNTY PARK,,,,2/20/1996,10:05,0.3,LOWER COLORADO RIVER AUTHORITY,DEFAULT CODE FOR UNKNOWN SOURCES,Routine - Monitoring not intentionally targeted toward any environmental condition or event,,,"PHOSPHORUS, TOTAL, WET METHOD (MG/L AS P)",665,,1.38,L040657,30.229473,-97.520581,,49608.80903
1428,12466,COLORADO RIVER AT COUNTY PARK,,,,4/8/1996,11:30,0.3,LOWER COLORADO RIVER AUTHORITY,DEFAULT CODE FOR UNKNOWN SOURCES,Routine - Monitoring not intentionally targeted toward any environmental condition or event,,,"PHOSPHORUS, TOTAL, WET METHOD (MG/L AS P)",665,,0.214,L055332,30.229473,-97.520581,,49655.70206
1428,12466,COLORADO RIVER AT COUNTY PARK,,,,4/11/1996,2:20,0.3,TEXAS COMMISSION ON ENVIRONMENTAL QUALITY,TCEQ REGIONAL OFFICE,Routine - Monitoring not intentionally targeted toward any environmental condition or event,,,"PHOSPHORUS, TOTAL, WET METHOD (MG/L AS P)",665,,0.28,13816,30.229473,-97.520581,,63474.38611
1428,12466,COLORADO RIVER AT COUNTY PARK,,,,6/10/1996,11:15,0.3,LOWER COLORADO RIVER AUTHORITY,DEFAULT CODE FOR UNKNOWN SOURCES,Routine - Monitoring not intentionally targeted toward any environmental condition or event,,,"PHOSPHORUS, TOTAL, WET METHOD (MG/L AS P)",665,,0.155,L055394,30.229473,-97.520581,,49718.63264
1428,12466,COLORADO RIVER AT COUNTY PARK,,,,7/9/1996,11:20,0.3,TEXAS COMMISSION ON ENVIRONMENTAL QUALITY,TCEQ REGIONAL OFFICE,Routine - Monitoring not intentionally targeted toward any environmental condition or event,,,"PHOSPHORUS, TOTAL, WET METHOD (MG/L AS P)",665,,0.12,13766,30.229473,-97.520581,,63513.60111
1428,12466,COLORADO RIVER AT COUNTY PARK,,,,8/1/1996,11:50,0.3,LOWER COLORADO RIVER AUTHORITY,DEFAULT CODE FOR UNKNOWN SOURCES,Routine - Monitoring not intentionally targeted toward any environmental condition or event,,,"PHOSPHORUS, TOTAL, WET METHOD (MG/L AS P)",665,,0.477,L055445,30.229473,-97.520581,,49770.97895
1428,12466,COLORADO RIVER AT COUNTY PARK,,,,10/1/1996,12:15,0.3,LOWER COLORADO RIVER AUTHORITY,DEFAULT CODE FOR UNKNOWN SOURCES,Routine - Monitoring not intentionally targeted toward any environmental condition or event,,,"PHOSPHORUS, TOTAL, WET METHOD (MG/L AS P)",665,,0.6,L041078,30.229473,-97.520581,,49832.11931
1428,12466,COLORADO RIVER AT COUNTY PARK,,,,10/9/1996,2:00,0.3,TEXAS COMMISSION ON ENVIRONMENTAL QUALITY,TCEQ REGIONAL OFFICE,Routine - Monitoring not intentionally targeted toward any environmental condition or event,,,"PHOSPHORUS, TOTAL, WET METHOD (MG/L AS P)",665,,0.59,17141,30.229473,-97.520581,,66980.68223
1428,12466,COLORADO RIVER AT COUNTY PARK,,,,12/2/1996,11:30,0.3,LOWER COLORADO RIVER AUTHORITY,DEFAULT CODE FOR UNKNOWN SOURCES,Routine - Monitoring not intentionally targeted toward any environmental condition or event,,,"PHOSPHORUS, TOTAL, WET METHOD (MG/L AS P)",665,,0.6,L040266,30.229473,-97.520581,,49894.08806
1428,12466,COLORADO RIVER AT COUNTY PARK,,,,4/28/1997,4:05,0.3,TEXAS COMMISSION ON ENVIRONMENTAL QUALITY,TCEQ REGIONAL OFFICE,Routine - Monitoring not intentionally targeted toward any environmental condition or event,,,"PHOSPHORUS, TOTAL, WET METHOD (MG/L AS P)",665,,0.07,17978,30.229473,-97.520581,,68018.24903
1428,12466,COLORADO RIVER AT COUNTY PARK,,,,5/6/1997,12:30,0.3,TEXAS COMMISSION ON ENVIRONMENTAL QUALITY,TCEQ REGIONAL OFFICE,Routine - Monitoring not intentionally targeted toward any environmental condition or event,,,"PHOSPHORUS, TOTAL, WET METHOD (MG/L AS P)",665,,0.1,17989,30.229473,-97.520581,,68037.62973
1428,12466,COLORADO RIVER AT COUNTY PARK,,,,7/2/1997,12:00,0.3,TEXAS COMMISSION ON ENVIRONMENTAL QUALITY,TCEQ REGIONAL OFFICE,Routine - Monitoring not intentionally targeted toward any environmental condition or event,,,"PHOSPHORUS, TOTAL, WET METHOD (MG/L AS P)",665,,0.18,18015,30.229473,-97.520581,,68120.68889
1428,12466,COLORADO RIVER AT COUNTY PARK,,,,9/24/1997,2:10,0.3,TEXAS COMMISSION ON ENVIRONMENTAL QUALITY,TCEQ REGIONAL OFFICE,Routine - Monitoring not intentionally targeted toward any environmental condition or event,,,"PHOSPHORUS, TOTAL, WET METHOD (MG/L AS P)",665,,0.27,20800,30.229473,-97.520581,,70989.36917
1428,12466,COLORADO RIVER AT COUNTY PARK,,,,12/4/1997,12:50,0.3,TEXAS COMMISSION ON ENVIRONMENTAL QUALITY,TCEQ REGIONAL OFFICE,Routine - Monitoring not intentionally targeted toward any environmental condition or event,,,"PHOSPHORUS, TOTAL, WET METHOD (MG/L AS P)",665,,0.79,21587,30.229473,-97.520581,,71848.33361
1428,12466,COLORADO RIVER AT COUNTY PARK,,,,2/2/1998,10:10,0.46,LOWER COLORADO RIVER AUTHORITY,DEFAULT CODE FOR UNKNOWN SOURCES,Routine - Monitoring not intentionally targeted toward any environmental condition or event,,,"PHOSPHORUS, TOTAL, WET METHOD (MG/L AS P)",665,,0.22,L041473,30.229473,-97.520581,,50320.8125
1428,12466,COLORADO RIVER AT COUNTY PARK,,,,3/19/1998,11:55,0.3,TEXAS COMMISSION ON ENVIRONMENTAL QUALITY,TCEQ REGIONAL OFFICE,Routine - Monitoring not intentionally targeted toward any environmental condition or event,,,"PHOSPHORUS, TOTAL, WET METHOD (MG/L AS P)",665,,0.09,21619,30.229473,-97.520581,,71984.59542
1428,12466,COLORADO RIVER AT COUNTY PARK,,,,4/1/1998,9:55,0.3,LOWER COLORADO RIVER AUTHORITY,DEFAULT CODE FOR UNKNOWN SOURCES,Routine - Monitoring not intentionally targeted toward any environmental condition or event,,,"PHOSPHORUS, TOTAL, WET METHOD (MG/L AS P)",665,,0.12,L055111,30.229473,-97.520581,,50378.54209
1428,12466,COLORADO RIVER AT COUNTY PARK,,,,6/1/1998,11:30,0.3,LOWER COLORADO RIVER AUTHORITY,DEFAULT CODE FOR UNKNOWN SOURCES,Routine - Monitoring not intentionally targeted toward any environmental condition or event,,,"PHOSPHORUS, TOTAL, WET METHOD (MG/L AS P)",665,,0.19,L055187,30.229473,-97.520581,,50439.67806
1428,12466,COLORADO RIVER AT COUNTY PARK,,,,6/4/1998,1:00,0.3,TEXAS COMMISSION ON ENVIRONMENTAL QUALITY,TCEQ REGIONAL OFFICE,Routine - Monitoring not intentionally targeted toward any environmental condition or event,,,"PHOSPHORUS, TOTAL, WET METHOD (MG/L AS P)",665,,0.23,21664,30.229473,-97.520581,,72106.28056
1428,12466,COLORADO RIVER AT COUNTY PARK,,,,9/14/1998,11:11,0.3,TEXAS COMMISSION ON ENVIRONMENTAL QUALITY,TCEQ REGIONAL OFFICE,Routine - Monitoring not intentionally targeted toward any environmental condition or event,,,"PHOSPHORUS, TOTAL, WET METHOD (MG/L AS P)",665,,0.47,21671,30.229473,-97.520581,,72215.94486
1428,12466,COLORADO RIVER AT COUNTY PARK,,,,10/6/1998,11:10,0.3,LOWER COLORADO RIVER AUTHORITY,DEFAULT CODE FOR UNKNOWN SOURCES,Routine - Monitoring not intentionally targeted toward any environmental condition or event,,,"PHOSPHORUS, TOTAL, WET METHOD (MG/L AS P)",665,,0.87,L055260,30.229473,-97.520581,,50567.34417
1428,12466,COLORADO RIVER AT COUNTY PARK,,,,2/1/1999,10:55,0.3,LOWER COLORADO RIVER AUTHORITY,DEFAULT CODE FOR UNKNOWN SOURCES,Routine - Monitoring not intentionally targeted toward any environmental condition or event,,,"PHOSPHORUS, TOTAL, WET METHOD (MG/L AS P)",665,,1.116,L055777,30.229473,-97.520581,,50685.57975
1428,12466,COLORADO RIVER AT COUNTY PARK,,,,2/10/1999,1:00,0.3,TEXAS COMMISSION ON ENVIRONMENTAL QUALITY,TCEQ REGIONAL OFFICE,Routine - Monitoring not intentionally targeted toward any environmental condition or event,,,"PHOSPHORUS, TOTAL, WET METHOD (MG/L AS P)",665,,1.31,26537,30.229473,-97.520581,,77231.36056
1428,12466,COLORADO RIVER AT COUNTY PARK,,,,6/30/1999,11:30,0.3,TEXAS COMMISSION ON ENVIRONMENTAL QUALITY,TCEQ REGIONAL OFFICE,Routine - Monitoring not intentionally targeted toward any environmental condition or event,,,"PHOSPHORUS, TOTAL, WET METHOD (MG/L AS P)",665,,0.27,26561,30.229473,-97.520581,,77394.75806
1428,12466,COLORADO RIVER AT COUNTY PARK,,,,8/2/1999,1:50,0.3,LOWER COLORADO RIVER AUTHORITY,DEFAULT CODE FOR UNKNOWN SOURCES,Routine - Monitoring not intentionally targeted toward any environmental condition or event,,,"PHOSPHORUS, TOTAL, WET METHOD (MG/L AS P)",665,,0.292,L058455,30.229473,-97.520581,,50866.37728
1428,12466,COLORADO RIVER AT COUNTY PARK,,,,8/12/1999,9:30,0.3,TEXAS COMMISSION ON ENVIRONMENTAL QUALITY,TCEQ REGIONAL OFFICE,Routine - Monitoring not intentionally targeted toward any environmental condition or event,,,"PHOSPHORUS, TOTAL, WET METHOD (MG/L AS P)",665,,0.34,28408,30.229473,-97.520581,,79284.74473
1428,12466,COLORADO RIVER AT COUNTY PARK,,,,10/6/1999,1:00,0.3,LOWER COLORADO RIVER AUTHORITY,DEFAULT CODE FOR UNKNOWN SOURCES,Routine - Monitoring not intentionally targeted toward any environmental condition or event,,,"PHOSPHORUS, TOTAL, WET METHOD (MG/L AS P)",665,,0.401,L001364,30.229473,-97.520581,,50931.45156
1428,12466,COLORADO RIVER AT COUNTY PARK,,,,12/1/1999,12:00,0.3,LOWER COLORADO RIVER AUTHORITY,DEFAULT CODE FOR UNKNOWN SOURCES,Routine - Monitoring not intentionally targeted toward any environmental condition or event,,,"PHOSPHORUS, TOTAL, WET METHOD (MG/L AS P)",665,,1.56,L001424,30.229473,-97.520581,,50989.06889
1428,12466,COLORADO RIVER AT COUNTY PARK,,,,2/2/2000,10:20,0.3,LOWER COLORADO RIVER AUTHORITY,DEFAULT CODE FOR UNKNOWN SOURCES,Routine - Monitoring not intentionally targeted toward any environmental condition or event,,,"PHOSPHORUS, TOTAL, WET METHOD (MG/L AS P)",665,,1.35,L060019,30.229473,-97.520581,,51051.78945
1428,12466,COLORADO RIVER AT COUNTY PARK,,,,4/5/2000,10:35,0.3,LOWER COLORADO RIVER AUTHORITY,DEFAULT CODE FOR UNKNOWN SOURCES,Routine - Monitoring not intentionally targeted toward any environmental condition or event,,,"PHOSPHORUS, TOTAL, WET METHOD (MG/L AS P)",665,,0.858,L060103,30.229473,-97.520581,,51114.30786
1428,12466,COLORADO RIVER AT COUNTY PARK,,,,6/6/2000,11:55,0.33,LOWER COLORADO RIVER AUTHORITY,DEFAULT CODE FOR UNKNOWN SOURCES,Routine - Monitoring not intentionally targeted toward any environmental condition or event,,,"PHOSPHORUS, TOTAL, WET METHOD (MG/L AS P)",665,,0.224,L060178,30.229473,-97.520581,,51175.75942
1428,12466,COLORADO RIVER AT COUNTY PARK,,,,8/2/2000,9:30,0.33,LOWER COLORADO RIVER AUTHORITY,DEFAULT CODE FOR UNKNOWN SOURCES,Routine - Monitoring not intentionally targeted toward any environmental condition or event,,,"PHOSPHORUS, TOTAL, WET METHOD (MG/L AS P)",665,,0.629,L060247,30.229473,-97.520581,,51233.06373
1428,12466,COLORADO RIVER AT COUNTY PARK,,,,10/4/2000,8:30,0.33,LOWER COLORADO RIVER AUTHORITY,LOWER COLORADO RIVER AUTHORITY,Routine - Monitoring not intentionally targeted toward any environmental condition or event,,,"PHOSPHORUS, TOTAL, WET METHOD (MG/L AS P)",665,,0.5,L060833,30.229473,-97.520581,,51295.89306
1428,12466,COLORADO RIVER AT COUNTY PARK,,,,12/4/2000,8:10,0.2,LOWER COLORADO RIVER AUTHORITY,LOWER COLORADO RIVER AUTHORITY,Routine - Monitoring not intentionally targeted toward any environmental condition or event,,,"PHOSPHORUS, TOTAL, WET METHOD (MG/L AS P)",665,,1.46,L060888,30.229473,-97.520581,,51357.70917
1428,12466,COLORADO RIVER AT COUNTY PARK,,,,2/6/2001,11:45,0.33,LOWER COLORADO RIVER AUTHORITY,LOWER COLORADO RIVER AUTHORITY,Routine - Monitoring not intentionally targeted toward any environmental condition or event,,,"PHOSPHORUS, TOTAL, WET METHOD (MG/L AS P)",665,,0.1,L060951,30.229473,-97.520581,,51420.62848
1428,12466,COLORADO RIVER AT COUNTY PARK,,,,4/3/2001,12:55,0.33,LOWER COLORADO RIVER AUTHORITY,LOWER COLORADO RIVER AUTHORITY,Routine - Monitoring not intentionally targeted toward any environmental condition or event,,,"PHOSPHORUS, TOTAL, WET METHOD (MG/L AS P)",665,,0.13,L063409,30.229473,-97.520581,,51476.70709
1428,12466,COLORADO RIVER AT COUNTY PARK,,,,6/6/2001,11:45,0.33,LOWER COLORADO RIVER AUTHORITY,LOWER COLORADO RIVER AUTHORITY,Routine - Monitoring not intentionally targeted toward any environmental condition or event,,,"PHOSPHORUS, TOTAL, WET METHOD (MG/L AS P)",665,,0.25,L064040,30.229473,-97.520581,,51540.77848
1428,12466,COLORADO RIVER AT COUNTY PARK,,,,8/15/2001,12:50,0.33,LOWER COLORADO RIVER AUTHORITY,LOWER COLORADO RIVER AUTHORITY,Routine - Monitoring not intentionally targeted toward any environmental condition or event,,,"PHOSPHORUS, TOTAL, WET METHOD (MG/L AS P)",665,,0.33,L064159,30.229473,-97.520581,,51610.90361
1428,12466,COLORADO RIVER AT COUNTY PARK,,,,10/3/2001,11:00,0.33,LOWER COLORADO RIVER AUTHORITY,LOWER COLORADO RIVER AUTHORITY,Routine - Monitoring not intentionally targeted toward any environmental condition or event,,,"PHOSPHORUS, TOTAL, WET METHOD (MG/L AS P)",665,,0.55,L064202,30.229473,-97.520581,,51660.04723
1428,12466,COLORADO RIVER AT COUNTY PARK,,,,12/10/2001,8:40,0.33,LOWER COLORADO RIVER AUTHORITY,LOWER COLORADO RIVER AUTHORITY,Routine - Monitoring not intentionally targeted toward any environmental condition or event,,,"PHOSPHORUS, TOTAL, WET METHOD (MG/L AS P)",665,,0.19,L067114,30.229473,-97.520581,,51727.59
1428,12466,COLORADO RIVER AT COUNTY PARK,,,,2/4/2002,7:55,0.33,LOWER COLORADO RIVER AUTHORITY,LOWER COLORADO RIVER AUTHORITY,Routine - Monitoring not intentionally targeted toward any environmental condition or event,,,"PHOSPHORUS, TOTAL, WET METHOD (MG/L AS P)",665,,0.71,L068592,30.229473,-97.520581,,51784.07875
1428,12466,COLORADO RIVER AT COUNTY PARK,,,,4/1/2002,9:00,0.33,LOWER COLORADO RIVER AUTHORITY,LOWER COLORADO RIVER AUTHORITY,Routine - Monitoring not intentionally targeted toward any environmental condition or event,,,"PHOSPHORUS, TOTAL, WET METHOD (MG/L AS P)",665,,0.44,L068658,30.229473,-97.520581,,51839.85389
1428,12466,COLORADO RIVER AT COUNTY PARK,,,,6/3/2002,8:55,0.33,LOWER COLORADO RIVER AUTHORITY,LOWER COLORADO RIVER AUTHORITY,Routine - Monitoring not intentionally targeted toward any environmental condition or event,,,"PHOSPHORUS, TOTAL, WET METHOD (MG/L AS P)",665,,0.22,L068934,30.229473,-97.520581,,51902.63042
1428,12466,COLORADO RIVER AT COUNTY PARK,,,,8/12/2002,12:40,0.33,LOWER COLORADO RIVER AUTHORITY,LOWER COLORADO RIVER AUTHORITY,Routine - Monitoring not intentionally targeted toward any environmental condition or event,,,"PHOSPHORUS, TOTAL, WET METHOD (MG/L AS P)",665,,0.21,L070724,30.229473,-97.520581,,51972.77667
1428,12466,COLORADO RIVER AT COUNTY PARK,,,,10/9/2002,10:45,0.33,LOWER COLORADO RIVER AUTHORITY,LOWER COLORADO RIVER AUTHORITY,Routine - Monitoring not intentionally targeted toward any environmental condition or event,,,"PHOSPHORUS, TOTAL, WET METHOD (MG/L AS P)",665,,0.38,L070777,30.229473,-97.520581,,52030.86681
1428,12466,COLORADO RIVER AT COUNTY PARK,,,,12/3/2002,7:40,0.2,LOWER COLORADO RIVER AUTHORITY,LOWER COLORADO RIVER AUTHORITY,Routine - Monitoring not intentionally targeted toward any environmental condition or event,,,"PHOSPHORUS, TOTAL, WET METHOD (MG/L AS P)",665,,0.64,L072271,30.229473,-97.520581,,52085.86834
1428,12466,COLORADO RIVER AT COUNTY PARK,,,,2/3/2003,11:05,0.3,LOWER COLORADO RIVER AUTHORITY,LOWER COLORADO RIVER AUTHORITY,Routine - Monitoring not intentionally targeted toward any environmental condition or event,,,"PHOSPHORUS, TOTAL, WET METHOD (MG/L AS P)",665,,0.87,L072202,30.229473,-97.520581,,52148.3407
1428,12466,COLORADO RIVER AT COUNTY PARK,,,,6/2/2003,9:00,0.33,LOWER COLORADO RIVER AUTHORITY,LOWER COLORADO RIVER AUTHORITY,Routine - Monitoring not intentionally targeted toward any environmental condition or event,,,"PHOSPHORUS, TOTAL, WET METHOD (MG/L AS P)",665,,0.16,L073591,30.229473,-97.520581,,52266.57389
1428,12466,COLORADO RIVER AT COUNTY PARK,,,,8/4/2003,9:55,0.33,LOWER COLORADO RIVER AUTHORITY,LOWER COLORADO RIVER AUTHORITY,Routine - Monitoring not intentionally targeted toward any environmental condition or event,,,"PHOSPHORUS, TOTAL, WET METHOD (MG/L AS P)",665,,0.29,L073669,30.229473,-97.520581,,52329.74209
1428,12466,COLORADO RIVER AT COUNTY PARK,,,,10/1/2003,9:19,0.33,LOWER COLORADO RIVER AUTHORITY,LOWER COLORADO RIVER AUTHORITY,Routine - Monitoring not intentionally targeted toward any environmental condition or event,,,"PHOSPHORUS, TOTAL, WET METHOD (MG/L AS P)",665,,0.48,L074637,30.229473,-97.520581,32213 70953 values corrected per DCR 7/1/2004 MDMA,52387.90709
1428,12466,COLORADO RIVER AT COUNTY PARK,,,,12/1/2003,9:30,0.33,LOWER COLORADO RIVER AUTHORITY,LOWER COLORADO RIVER AUTHORITY,Routine - Monitoring not intentionally targeted toward any environmental condition or event,,,"PHOSPHORUS, TOTAL, WET METHOD (MG/L AS P)",665,,0.98,L076032,30.229473,-97.520581,,52449.41473
1428,12466,COLORADO RIVER AT COUNTY PARK,,,,2/2/2004,11:00,0.33,LOWER COLORADO RIVER AUTHORITY,LOWER COLORADO RIVER AUTHORITY,Routine - Monitoring not intentionally targeted toward any environmental condition or event,,,"PHOSPHORUS, TOTAL, WET METHOD (MG/L AS P)",665,,0.77,L076031,30.229473,-97.520581,,52512.26723
1428,12466,COLORADO RIVER AT COUNTY PARK,,,,4/5/2004,10:05,0.33,LOWER COLORADO RIVER AUTHORITY,LOWER COLORADO RIVER AUTHORITY,Routine - Monitoring not intentionally targeted toward any environmental condition or event,,,"PHOSPHORUS, TOTAL, WET METHOD (MG/L AS P)",665,,0.73,L076180,30.229473,-97.520581,,52575.18903
1428,12466,COLORADO RIVER AT COUNTY PARK,,,,6/1/2004,9:30,0.33,LOWER COLORADO RIVER AUTHORITY,LOWER COLORADO RIVER AUTHORITY,Routine - Monitoring not intentionally targeted toward any environmental condition or event,,,"PHOSPHORUS, TOTAL, WET METHOD (MG/L AS P)",665,,0.22,L076444,30.229473,-97.520581,,52631.65473
1428,12466,COLORADO RIVER AT COUNTY PARK,,,,8/2/2004,10:20,0.32,LOWER COLORADO RIVER AUTHORITY,LOWER COLORADO RIVER AUTHORITY,Routine - Monitoring not intentionally targeted toward any environmental condition or event,,,"PHOSPHORUS, TOTAL, WET METHOD (MG/L AS P)",665,,0.484,L077318,30.229473,-97.520581,,52693.94345
1428,12466,COLORADO RIVER AT COUNTY PARK,,,,10/5/2004,8:55,0.33,LOWER COLORADO RIVER AUTHORITY,LOWER COLORADO RIVER AUTHORITY,Routine - Monitoring not intentionally targeted toward any environmental condition or event,,,"PHOSPHORUS, TOTAL, WET METHOD (MG/L AS P)",665,,0.541,L078068,30.229473,-97.520581,,52757.95142
1428,12466,COLORADO RIVER AT COUNTY PARK,,,,12/6/2004,9:30,0.3,LOWER COLORADO RIVER AUTHORITY,LOWER COLORADO RIVER AUTHORITY,Routine - Monitoring not intentionally targeted toward any environmental condition or event,,,"PHOSPHORUS, TOTAL, WET METHOD (MG/L AS P)",665,,0.077,L078581,30.229473,-97.520581,,52819.48173
1428,12466,COLORADO RIVER AT COUNTY PARK,,,,2/1/2005,9:45,0.3,LOWER COLORADO RIVER AUTHORITY,LOWER COLORADO RIVER AUTHORITY,Routine - Monitoring not intentionally targeted toward any environmental condition or event,,,"PHOSPHORUS, TOTAL, WET METHOD (MG/L AS P)",665,,0.154,L080683,30.229473,-97.520581,,52876.56914
1428,12466,COLORADO RIVER AT COUNTY PARK,,,,4/4/2005,10:40,0.3,LOWER COLORADO RIVER AUTHORITY,LOWER COLORADO RIVER AUTHORITY,Routine - Monitoring not intentionally targeted toward any environmental condition or event,,,"PHOSPHORUS, TOTAL, WET METHOD (MG/L AS P)",665,,0.125,L080098,30.229473,-97.520581,,52938.57834
1428,12466,COLORADO RIVER AT COUNTY PARK,,,,6/1/2005,11:30,0.3,LOWER COLORADO RIVER AUTHORITY,LOWER COLORADO RIVER AUTHORITY,Routine - Monitoring not intentionally targeted toward any environmental condition or event,,,"PHOSPHORUS, TOTAL, WET METHOD (MG/L AS P)",665,,0.142,L079555,30.229473,-97.520581,,52996.63006
1428,12466,COLORADO RIVER AT COUNTY PARK,,,,8/2/2005,10:05,0.33,LOWER COLORADO RIVER AUTHORITY,LOWER COLORADO RIVER AUTHORITY,Routine - Monitoring not intentionally targeted toward any environmental condition or event,,,"PHOSPHORUS, TOTAL, WET METHOD (MG/L AS P)",665,,0.373,L081174,30.229473,-97.520581,,53058.83203
1428,12466,COLORADO RIVER AT COUNTY PARK,,,,10/4/2005,9:50,0.33,LOWER COLORADO RIVER AUTHORITY,LOWER COLORADO RIVER AUTHORITY,Routine - Monitoring not intentionally targeted toward any environmental condition or event,,,"PHOSPHORUS, TOTAL, WET METHOD (MG/L AS P)",665,,0.207,L081673,30.229473,-97.520581,,53121.65561
1428,12466,COLORADO RIVER AT COUNTY PARK,,,,12/5/2005,8:55,0.3,LOWER COLORADO RIVER AUTHORITY,LOWER COLORADO RIVER AUTHORITY,Routine - Monitoring not intentionally targeted toward any environmental condition or event,,,"PHOSPHORUS, TOTAL, WET METHOD (MG/L AS P)",665,,1.3156,L082324,30.229473,-97.520581,,53184.69602
1428,12466,COLORADO RIVER AT COUNTY PARK,,,,2/1/2006,9:35,0.3,LOWER COLORADO RIVER AUTHORITY,LOWER COLORADO RIVER AUTHORITY,Routine - Monitoring not intentionally targeted toward any environmental condition or event,,,"PHOSPHORUS, TOTAL, WET METHOD (MG/L AS P)",665,,1.4249,L082725,30.229473,-97.520581,,53242.8331
1428,12466,COLORADO RIVER AT COUNTY PARK,,,,4/3/2006,10:25,0.33,LOWER COLORADO RIVER AUTHORITY,LOWER COLORADO RIVER AUTHORITY,Routine - Monitoring not intentionally targeted toward any environmental condition or event,,,"PHOSPHORUS, TOTAL, WET METHOD (MG/L AS P)",665,,0.7734,L083386,30.229473,-97.520581,,53303.24632
1428,12466,COLORADO RIVER AT COUNTY PARK,,,,6/5/2006,10:35,0.33,LOWER COLORADO RIVER AUTHORITY,LOWER COLORADO RIVER AUTHORITY,Routine - Monitoring not intentionally targeted toward any environmental condition or event,,,"PHOSPHORUS, TOTAL, WET METHOD (MG/L AS P)",665,,0.2219,L084015,30.229473,-97.520581,,53365.70176
1428,12466,COLORADO RIVER AT COUNTY PARK,,,,8/1/2006,8:55,0.3,LOWER COLORADO RIVER AUTHORITY,LOWER COLORADO RIVER AUTHORITY,Routine - Monitoring not intentionally targeted toward any environmental condition or event,,,"PHOSPHORUS, TOTAL, WET METHOD (MG/L AS P)",665,,0.515,L085205,30.229473,-97.520581,,53422.89542
1428,12466,COLORADO RIVER AT COUNTY PARK,,,,10/9/2006,11:05,0.3,LOWER COLORADO RIVER AUTHORITY,LOWER COLORADO RIVER AUTHORITY,Routine - Monitoring not intentionally targeted toward any environmental condition or event,,,"PHOSPHORUS, TOTAL, WET METHOD (MG/L AS P)",665,,0.72,L085206,30.229473,-97.520581,,53492.1907
1428,12466,COLORADO RIVER AT COUNTY PARK,,,,12/4/2006,9:05,0.3,LOWER COLORADO RIVER AUTHORITY,LOWER COLORADO RIVER AUTHORITY,Routine - Monitoring not intentionally targeted toward any environmental condition or event,,,"PHOSPHORUS, TOTAL, WET METHOD (MG/L AS P)",665,,1.36,L085464,30.229473,-97.520581,,53548.74736
1428,12466,COLORADO RIVER AT COUNTY PARK,,,,2/5/2007,9:55,0.3,LOWER COLORADO RIVER AUTHORITY,LOWER COLORADO RIVER AUTHORITY,Routine - Monitoring not intentionally targeted toward any environmental condition or event,,,"PHOSPHORUS, TOTAL, WET METHOD (MG/L AS P)",665,,1.09,L086030,30.229473,-97.520581,,53611.51209
1428,12466,COLORADO RIVER AT COUNTY PARK,,,,4/3/2007,9:40,0.3,LOWER COLORADO RIVER AUTHORITY,LOWER COLORADO RIVER AUTHORITY,Routine - Monitoring not intentionally targeted toward any environmental condition or event,,,"PHOSPHORUS, TOTAL, WET METHOD (MG/L AS P)",665,,0.637,L086542,30.229473,-97.520581,,53668.04867
1428,12466,COLORADO RIVER AT COUNTY PARK,,,,6/5/2007,9:20,0.3,LOWER COLORADO RIVER AUTHORITY,LOWER COLORADO RIVER AUTHORITY,Routine - Monitoring not intentionally targeted toward any environmental condition or event,,,"PHOSPHORUS, TOTAL, WET METHOD (MG/L AS P)",665,,0.203,L087095,30.229473,-97.520581,,53730.60078
1428,12466,COLORADO RIVER AT COUNTY PARK,,,,8/1/2007,9:00,0.3,LOWER COLORADO RIVER AUTHORITY,LOWER COLORADO RIVER AUTHORITY,Routine - Monitoring not intentionally targeted toward any environmental condition or event,,,"PHOSPHORUS, TOTAL, WET METHOD (MG/L AS P)",665,,0.119,L089084,30.229473,-97.520581,,53787.50289
1428,12466,COLORADO RIVER AT COUNTY PARK,,,,10/2/2007,8:25,0.3,LOWER COLORADO RIVER AUTHORITY,LOWER COLORADO RIVER AUTHORITY,Routine - Monitoring not intentionally targeted toward any environmental condition or event,,,"PHOSPHORUS, TOTAL, WET METHOD (MG/L AS P)",665,,0.735,L087818,30.229473,-97.520581,,53850.09459
1428,12466,COLORADO RIVER AT COUNTY PARK,,,,12/4/2007,10:45,0.3,LOWER COLORADO RIVER AUTHORITY,LOWER COLORADO RIVER AUTHORITY,Routine - Monitoring not intentionally targeted toward any environmental condition or event,,,"PHOSPHORUS, TOTAL, WET METHOD (MG/L AS P)",665,,1.06,L088465,30.229473,-97.520581,,53913.51681
1428,12466,COLORADO RIVER AT COUNTY PARK,,,,2/5/2008,9:15,0.3,LOWER COLORADO RIVER AUTHORITY,LOWER COLORADO RIVER AUTHORITY,Routine - Monitoring not intentionally targeted toward any environmental condition or event,,,"PHOSPHORUS, TOTAL, WET METHOD (MG/L AS P)",665,,0.889,L089532,30.229473,-97.520581,,53976.28331
1428,12466,COLORADO RIVER AT COUNTY PARK,,,,4/1/2008,8:30,0.3,LOWER COLORADO RIVER AUTHORITY,LOWER COLORADO RIVER AUTHORITY,Routine - Monitoring not intentionally targeted toward any environmental condition or event,,,"PHOSPHORUS, TOTAL, WET METHOD (MG/L AS P)",665,,0.732,L089556,30.229473,-97.520581,,54032.09506
1428,12466,COLORADO RIVER AT COUNTY PARK,,,,6/3/2008,8:50,0.3,LOWER COLORADO RIVER AUTHORITY,LOWER COLORADO RIVER AUTHORITY,Routine - Monitoring not intentionally targeted toward any environmental condition or event,,,"PHOSPHORUS, TOTAL, WET METHOD (MG/L AS P)",665,,0.291,L089682,30.229473,-97.520581,,54094.66795
1428,12466,COLORADO RIVER AT COUNTY PARK,,,,8/5/2008,9:30,0.3,LOWER COLORADO RIVER AUTHORITY,LOWER COLORADO RIVER AUTHORITY,Routine - Monitoring not intentionally targeted toward any environmental condition or event,,,"PHOSPHORUS, TOTAL, WET METHOD (MG/L AS P)",665,,0.34,L091548,30.229473,-97.520581,,54157.74473
1428,12466,COLORADO RIVER AT COUNTY PARK,,,,10/1/2008,8:25,0.3,LOWER COLORADO RIVER AUTHORITY,LOWER COLORADO RIVER AUTHORITY,Routine - Monitoring not intentionally targeted toward any environmental condition or event,,,"PHOSPHORUS, TOTAL, WET METHOD (MG/L AS P)",665,,0.33,L092051,30.229473,-97.520581,,54214.68959
1428,12466,COLORADO RIVER AT COUNTY PARK,,,,12/2/2008,8:40,0.3,LOWER COLORADO RIVER AUTHORITY,LOWER COLORADO RIVER AUTHORITY,Routine - Monitoring not intentionally targeted toward any environmental condition or event,,,"PHOSPHORUS, TOTAL, WET METHOD (MG/L AS P)",665,,1.95,L092644,30.229473,-97.520581,,54278.32
1428,12466,COLORADO RIVER AT COUNTY PARK,,,,2/3/2009,9:15,0.3,LOWER COLORADO RIVER AUTHORITY,LOWER COLORADO RIVER AUTHORITY,Routine - Monitoring not intentionally targeted toward any environmental condition or event,,,"PHOSPHORUS, TOTAL, WET METHOD (MG/L AS P)",665,,2,L093450,30.229473,-97.520581,,54341.39431
1428,12466,COLORADO RIVER AT COUNTY PARK,,,,4/6/2009,8:55,0.3,LOWER COLORADO RIVER AUTHORITY,LOWER COLORADO RIVER AUTHORITY,Routine - Monitoring not intentionally targeted toward any environmental condition or event,,,"PHOSPHORUS, TOTAL, WET METHOD (MG/L AS P)",665,,0.72,L094036,30.229473,-97.520581,,54402.10042
1428,12466,COLORADO RIVER AT COUNTY PARK,,,,6/2/2009,8:45,0.3,LOWER COLORADO RIVER AUTHORITY,LOWER COLORADO RIVER AUTHORITY,Routine - Monitoring not intentionally targeted toward any environmental condition or event,,,"PHOSPHORUS, TOTAL, WET METHOD (MG/L AS P)",665,,0.28,L095152,30.229473,-97.520581,,54458.65348
1428,12466,COLORADO RIVER AT COUNTY PARK,,,,8/4/2009,9:10,0.3,LOWER COLORADO RIVER AUTHORITY,LOWER COLORADO RIVER AUTHORITY,Routine - Monitoring not intentionally targeted toward any environmental condition or event,,,"PHOSPHORUS, TOTAL, WET METHOD (MG/L AS P)",665,,0.42,L095720,30.229473,-97.520581,,54521.81084
1428,12466,COLORADO RIVER AT COUNTY PARK,,,,10/6/2009,9:10,0.3,LOWER COLORADO RIVER AUTHORITY,LOWER COLORADO RIVER AUTHORITY,Routine - Monitoring not intentionally targeted toward any environmental condition or event,,,"PHOSPHORUS, TOTAL, WET METHOD (MG/L AS P)",665,,0.5,L096732,30.229473,-97.520581,,54584.89084
1428,12466,COLORADO RIVER AT COUNTY PARK,,,,12/1/2009,8:45,0.3,LOWER COLORADO RIVER AUTHORITY,LOWER COLORADO RIVER AUTHORITY,Routine - Monitoring not intentionally targeted toward any environmental condition or event,,,"PHOSPHORUS, TOTAL, WET METHOD (MG/L AS P)",665,,0.84,L096960,30.229473,-97.520581,,54641.21348
1428,12466,COLORADO RIVER AT COUNTY PARK,,,,2/2/2010,8:40,0.3,LOWER COLORADO RIVER AUTHORITY,LOWER COLORADO RIVER AUTHORITY,Routine - Monitoring not intentionally targeted toward any environmental condition or event,,,"PHOSPHORUS, TOTAL, WET METHOD (MG/L AS P)",665,,0.63,L097578,30.229473,-97.520581,,54704
1428,12466,COLORADO RIVER AT COUNTY PARK,,,,4/6/2010,8:30,0.3,LOWER COLORADO RIVER AUTHORITY,LOWER COLORADO RIVER AUTHORITY,Routine - Monitoring not intentionally targeted toward any environmental condition or event,,,"PHOSPHORUS, TOTAL, WET METHOD (MG/L AS P)",665,,0.32,L098616,30.229473,-97.520581,,54766.68306
1428,12466,COLORADO RIVER AT COUNTY PARK,,,,6/1/2010,9:20,0.3,LOWER COLORADO RIVER AUTHORITY,LOWER COLORADO RIVER AUTHORITY,Routine - Monitoring not intentionally targeted toward any environmental condition or event,,,"PHOSPHORUS, TOTAL, WET METHOD (MG/L AS P)",665,,0.15,L098843,30.229473,-97.520581,,54822.54778
1428,12466,COLORADO RIVER AT COUNTY PARK,,,,8/3/2010,8:25,0.3,LOWER COLORADO RIVER AUTHORITY,LOWER COLORADO RIVER AUTHORITY,Routine - Monitoring not intentionally targeted toward any environmental condition or event,,,"PHOSPHORUS, TOTAL, WET METHOD (MG/L AS P)",665,,0.46,L099770,30.229473,-97.520581,,54885.81959
1428,12466,COLORADO RIVER AT COUNTY PARK,,,,10/5/2010,8:55,0.3,LOWER COLORADO RIVER AUTHORITY,LOWER COLORADO RIVER AUTHORITY,Routine - Monitoring not intentionally targeted toward any environmental condition or event,,,"PHOSPHORUS, TOTAL, WET METHOD (MG/L AS P)",665,,0.38,L100502,30.229473,-97.520581,,54948.76042
1428,12466,COLORADO RIVER AT COUNTY PARK,,,,12/7/2010,8:45,0.3,LOWER COLORADO RIVER AUTHORITY,LOWER COLORADO RIVER AUTHORITY,Routine - Monitoring not intentionally targeted toward any environmental condition or event,,,"PHOSPHORUS, TOTAL, WET METHOD (MG/L AS P)",665,,0.73,L101392,30.229473,-97.520581,,55012.10348
1428,12466,COLORADO RIVER AT COUNTY PARK,,,,2/1/2011,10:45,0.3,LOWER COLORADO RIVER AUTHORITY,LOWER COLORADO RIVER AUTHORITY,Routine - Monitoring not intentionally targeted toward any environmental condition or event,,,"PHOSPHORUS, TOTAL, WET METHOD (MG/L AS P)",665,,0.69,L101636,30.229473,-97.520581,,55068.14681
1428,12466,COLORADO RIVER AT COUNTY PARK,,,,4/5/2011,8:55,0.3,LOWER COLORADO RIVER AUTHORITY,LOWER COLORADO RIVER AUTHORITY,Routine - Monitoring not intentionally targeted toward any environmental condition or event,,,"PHOSPHORUS, TOTAL, WET METHOD (MG/L AS P)",665,,0.31,L102496,30.229473,-97.520581,,55130.69042
1428,12466,COLORADO RIVER AT COUNTY PARK,,,,6/7/2011,8:30,0.3,LOWER COLORADO RIVER AUTHORITY,LOWER COLORADO RIVER AUTHORITY,Routine - Monitoring not intentionally targeted toward any environmental condition or event,,,"PHOSPHORUS, TOTAL, WET METHOD (MG/L AS P)",665,,0.22,L102963,30.229473,-97.520581,,55193.58306
1428,12466,COLORADO RIVER AT COUNTY PARK,,,,8/2/2011,3:30,0.3,LOWER COLORADO RIVER AUTHORITY,LOWER COLORADO RIVER AUTHORITY,Routine - Monitoring not intentionally targeted toward any environmental condition or event,,,"PHOSPHORUS, TOTAL, WET METHOD (MG/L AS P)",665,,0.28,L103456,30.229473,-97.520581,,55249.43473
1428,12466,COLORADO RIVER AT COUNTY PARK,,,,10/4/2011,2:55,0.3,LOWER COLORADO RIVER AUTHORITY,LOWER COLORADO RIVER AUTHORITY,Routine - Monitoring not intentionally targeted toward any environmental condition or event,,,"PHOSPHORUS, TOTAL, WET METHOD (MG/L AS P)",665,,0.49,L104234,30.229473,-97.520581,,55312.62042
1428,12466,COLORADO RIVER AT COUNTY PARK,,,,12/6/2011,2:50,0.3,LOWER COLORADO RIVER AUTHORITY,LOWER COLORADO RIVER AUTHORITY,Routine - Monitoring not intentionally targeted toward any environmental condition or event,,,"PHOSPHORUS, TOTAL, WET METHOD (MG/L AS P)",665,,0.49,L105005,30.229473,-97.520581,,55375.61695
1428,12466,COLORADO RIVER AT COUNTY PARK,,,,2/9/2012,3:15,0.3,LOWER COLORADO RIVER AUTHORITY,LOWER COLORADO RIVER AUTHORITY,Routine - Monitoring not intentionally targeted toward any environmental condition or event,,,"PHOSPHORUS, TOTAL, WET METHOD (MG/L AS P)",665,,0.98,L105440,30.229473,-97.520581,,55441.12431
1428,12466,COLORADO RIVER AT COUNTY PARK,,,,4/3/2012,3:20,0.3,LOWER COLORADO RIVER AUTHORITY,LOWER COLORADO RIVER AUTHORITY,Routine - Monitoring not intentionally targeted toward any environmental condition or event,,,"PHOSPHORUS, TOTAL, WET METHOD (MG/L AS P)",665,,0.7,L105727,30.229473,-97.520581,,55494.84778
1428,12466,COLORADO RIVER AT COUNTY PARK,,,,6/5/2012,3:30,0.3,LOWER COLORADO RIVER AUTHORITY,LOWER COLORADO RIVER AUTHORITY,Routine - Monitoring not intentionally targeted toward any environmental condition or event,,,"PHOSPHORUS, TOTAL, WET METHOD (MG/L AS P)",665,,1.3,L106357,30.229473,-97.520581,,55558.45473
1428,12466,COLORADO RIVER AT COUNTY PARK,,,,8/7/2012,9:00,0.3,LOWER COLORADO RIVER AUTHORITY,LOWER COLORADO RIVER AUTHORITY,Routine - Monitoring not intentionally targeted toward any environmental condition or event,,,"PHOSPHORUS, TOTAL, WET METHOD (MG/L AS P)",665,,0.88,L106961,30.229473,-97.520581,,55621.26389
1428,12466,COLORADO RIVER AT COUNTY PARK,,,,10/4/2012,10:30,0.3,LOWER COLORADO RIVER AUTHORITY,LOWER COLORADO RIVER AUTHORITY,Routine - Monitoring not intentionally targeted toward any environmental condition or event,,,"PHOSPHORUS, TOTAL, WET METHOD (MG/L AS P)",665,,1.19,L107362,30.229473,-97.520581,,55679.63639
1428,12466,COLORADO RIVER AT COUNTY PARK,,,,12/3/2012,9:15,0.3,LOWER COLORADO RIVER AUTHORITY,LOWER COLORADO RIVER AUTHORITY,Routine - Monitoring not intentionally targeted toward any environmental condition or event,,,"PHOSPHORUS, TOTAL, WET METHOD (MG/L AS P)",665,,1.71,L107897,30.229473,-97.520581,,55740.10431
1428,12466,COLORADO RIVER AT COUNTY PARK,,,,2/11/2013,8:55,0.3,LOWER COLORADO RIVER AUTHORITY,LOWER COLORADO RIVER AUTHORITY,Routine - Monitoring not intentionally targeted toward any environmental condition or event,,,"PHOSPHORUS, TOTAL, WET METHOD (MG/L AS P)",665,,2.05,L108486,30.229473,-97.520581,,55810.43042
1428,12466,COLORADO RIVER AT COUNTY PARK,,,,4/8/2013,12:40,0.3,LOWER COLORADO RIVER AUTHORITY,LOWER COLORADO RIVER AUTHORITY,Routine - Monitoring not intentionally targeted toward any environmental condition or event,,,"PHOSPHORUS, TOTAL, WET METHOD (MG/L AS P)",665,,1.52,L108910,30.229473,-97.520581,,55866.05667
1428,12466,COLORADO RIVER AT COUNTY PARK,,,,6/10/2013,9:29,0.3,LOWER COLORADO RIVER AUTHORITY,LOWER COLORADO RIVER AUTHORITY,Routine - Monitoring not intentionally targeted toward any environmental condition or event,,,"PHOSPHORUS, TOTAL, WET METHOD (MG/L AS P)",665,,1.1,L109427,30.229473,-97.520581,,55928.50403
1428,12466,COLORADO RIVER AT COUNTY PARK,,,,8/7/2013,1:46,0.3,LOWER COLORADO RIVER AUTHORITY,LOWER COLORADO RIVER AUTHORITY,Routine - Monitoring not intentionally targeted toward any environmental condition or event,,,"PHOSPHORUS, TOTAL, WET METHOD (MG/L AS P)",665,,0.87,L109680,30.229473,-97.520581,,55985.9525
1428,12466,COLORADO RIVER AT COUNTY PARK,,,,10/8/2013,3:31,0.3,LOWER COLORADO RIVER AUTHORITY,LOWER COLORADO RIVER AUTHORITY,Routine - Monitoring not intentionally targeted toward any environmental condition or event,,,"PHOSPHORUS, TOTAL, WET METHOD (MG/L AS P)",665,,1.28,L110108,30.229473,-97.520581,,56048.43542
1428,12466,COLORADO RIVER AT COUNTY PARK,,,,12/9/2013,10:48,0.3,LOWER COLORADO RIVER AUTHORITY,LOWER COLORADO RIVER AUTHORITY,Routine - Monitoring not intentionally targeted toward any environmental condition or event,,,"PHOSPHORUS, TOTAL, WET METHOD (MG/L AS P)",665,,1.13,L110778,30.229473,-97.520581,,56110.58889
1428,12466,COLORADO RIVER AT COUNTY PARK,,,,2/10/2014,10:55,0.3,LOWER COLORADO RIVER AUTHORITY,LOWER COLORADO RIVER AUTHORITY,Routine - Monitoring not intentionally targeted toward any environmental condition or event,,,"PHOSPHORUS, TOTAL, WET METHOD (MG/L AS P)",665,,1.44,L111151,30.229473,-97.520581,,56173.90375
1428,12466,COLORADO RIVER AT COUNTY PARK,,,,4/1/2014,8:48,0.3,LOWER COLORADO RIVER AUTHORITY,LOWER COLORADO RIVER AUTHORITY,Routine - Monitoring not intentionally targeted toward any environmental condition or event,,,"PHOSPHORUS, TOTAL, WET METHOD (MG/L AS P)",665,,1.73,L111377,30.229473,-97.520581,,56224.10556
1428,12466,COLORADO RIVER AT COUNTY PARK,,,,6/9/2014,9:55,0.3,LOWER COLORADO RIVER AUTHORITY,LOWER COLORADO RIVER AUTHORITY,Routine - Monitoring not intentionally targeted toward any environmental condition or event,,,"PHOSPHORUS, TOTAL, WET METHOD (MG/L AS P)",665,,1.07,L112187,30.229473,-97.520581,,56292.49209
1428,12466,COLORADO RIVER AT COUNTY PARK,,,,8/13/2014,2:50,0.3,LOWER COLORADO RIVER AUTHORITY,LOWER COLORADO RIVER AUTHORITY,Routine - Monitoring not intentionally targeted toward any environmental condition or event,,,"PHOSPHORUS, TOTAL, WET METHOD (MG/L AS P)",665,,1.36,L112684,30.229473,-97.520581,,56357.48695
1428,12466,COLORADO RIVER AT COUNTY PARK,,,,10/14/2014,10:35,0.3,LOWER COLORADO RIVER AUTHORITY,LOWER COLORADO RIVER AUTHORITY,Routine - Monitoring not intentionally targeted toward any environmental condition or event,,,"PHOSPHORUS, TOTAL, WET METHOD (MG/L AS P)",665,,1.2,L113142,30.229473,-97.520581,,56419.64986
1428,12466,COLORADO RIVER AT COUNTY PARK,,,,12/11/2014,9:07,0.3,LOWER COLORADO RIVER AUTHORITY,LOWER COLORADO RIVER AUTHORITY,Routine - Monitoring not intentionally targeted toward any environmental condition or event,,,"PHOSPHORUS, TOTAL, WET METHOD (MG/L AS P)",665,,1.6,L113766,30.229473,-97.520581,,56477.98875
1428,12466,COLORADO RIVER AT COUNTY PARK,,,,2/9/2015,12:03,0.3,LOWER COLORADO RIVER AUTHORITY,LOWER COLORADO RIVER AUTHORITY,Routine - Monitoring not intentionally targeted toward any environmental condition or event,,,"PHOSPHORUS, TOTAL, WET METHOD (MG/L AS P)",665,,0.9,L113948,30.229473,-97.520581,,56537.41098
1428,12466,COLORADO RIVER AT COUNTY PARK,,,,4/2/2015,10:30,0.3,LOWER COLORADO RIVER AUTHORITY,LOWER COLORADO RIVER AUTHORITY,Routine - Monitoring not intentionally targeted toward any environmental condition or event,,,"PHOSPHORUS, TOTAL, WET METHOD (MG/L AS P)",665,,0.93,L114321,30.229473,-97.520581,,56589.37639
1428,12466,COLORADO RIVER AT COUNTY PARK,,,,6/11/2015,9:30,0.3,LOWER COLORADO RIVER AUTHORITY,LOWER COLORADO RIVER AUTHORITY,Routine - Monitoring not intentionally targeted toward any environmental condition or event,,,"PHOSPHORUS, TOTAL, WET METHOD (MG/L AS P)",665,,0.65,L115106,30.229473,-97.520581,,56659.05473
1428,12466,COLORADO RIVER AT COUNTY PARK,,,,8/6/2015,8:41,0.3,LOWER COLORADO RIVER AUTHORITY,LOWER COLORADO RIVER AUTHORITY,Routine - Monitoring not intentionally targeted toward any environmental condition or event,,,"PHOSPHORUS, TOTAL, WET METHOD (MG/L AS P)",665,,1.33,L115450,30.229473,-97.520581,,56715.7007
1428,12466,COLORADO RIVER AT COUNTY PARK,,,,10/12/2015,10:45,0.3,LOWER COLORADO RIVER AUTHORITY,LOWER COLORADO RIVER AUTHORITY,Routine - Monitoring not intentionally targeted toward any environmental condition or event,,,"PHOSPHORUS, TOTAL, WET METHOD (MG/L AS P)",665,,1.57,L116175,30.229473,-97.520581,,56783.02681
1428,12466,COLORADO RIVER AT COUNTY PARK,,,,12/7/2015,2:00,0.3,LOWER COLORADO RIVER AUTHORITY,LOWER COLORADO RIVER AUTHORITY,Routine - Monitoring not intentionally targeted toward any environmental condition or event,,,"PHOSPHORUS, TOTAL, WET METHOD (MG/L AS P)",665,,0.89,L116439,30.229473,-97.520581,,56837.98223
1428,12466,COLORADO RIVER AT COUNTY PARK,,,,2/16/2016,1:35,0.3,LOWER COLORADO RIVER AUTHORITY,LOWER COLORADO RIVER AUTHORITY,Routine - Monitoring not intentionally targeted toward any environmental condition or event,,,"PHOSPHORUS, TOTAL, WET METHOD (MG/L AS P)",665,,1.23,L117143,30.229473,-97.520581,,56909.30486
1428,12466,COLORADO RIVER AT COUNTY PARK,,,,4/25/2016,9:14,0.3,LOWER COLORADO RIVER AUTHORITY,LOWER COLORADO RIVER AUTHORITY,Routine - Monitoring not intentionally targeted toward any environmental condition or event,,,"PHOSPHORUS, TOTAL, WET METHOD (MG/L AS P)",665,,0.12,L117842,30.229473,-97.520581,,56977.51361
1428,12466,COLORADO RIVER AT COUNTY PARK,,,,6/8/2016,1:16,0.3,LOWER COLORADO RIVER AUTHORITY,LOWER COLORADO RIVER AUTHORITY,Routine - Monitoring not intentionally targeted toward any environmental condition or event,,,"PHOSPHORUS, TOTAL, WET METHOD (MG/L AS P)",665,,0.06,L118126,30.229473,-97.520581,,57021.12167
1428,12466,COLORADO RIVER AT COUNTY PARK,,,,8/4/2016,10:25,0.3,LOWER COLORADO RIVER AUTHORITY,LOWER COLORADO RIVER AUTHORITY,Routine - Monitoring not intentionally targeted toward any environmental condition or event,,,"PHOSPHORUS, TOTAL, WET METHOD (MG/L AS P)",665,,0.77,L118472,30.229473,-97.520581,,57079.21292
1428,12466,COLORADO RIVER AT COUNTY PARK,,,,10/17/2016,11:23,0.3,LOWER COLORADO RIVER AUTHORITY,LOWER COLORADO RIVER AUTHORITY,Routine - Monitoring not intentionally targeted toward any environmental condition or event,,,"PHOSPHORUS, TOTAL, WET METHOD (MG/L AS P)",665,,0.74,L119379,30.229473,-97.520581,,57153.2232
1428,12466,COLORADO RIVER AT COUNTY PARK,,,,12/6/2016,12:30,0.3,LOWER COLORADO RIVER AUTHORITY,LOWER COLORADO RIVER AUTHORITY,Routine - Monitoring not intentionally targeted toward any environmental condition or event,,,"PHOSPHORUS, TOTAL, WET METHOD (MG/L AS P)",665,,0.36,L119797,30.229473,-97.520581,,57202.88973
1428,12466,COLORADO RIVER AT COUNTY PARK,,,,2/6/2017,12:58,0.3,LOWER COLORADO RIVER AUTHORITY,LOWER COLORADO RIVER AUTHORITY,Routine - Monitoring not intentionally targeted toward any environmental condition or event,,,"PHOSPHORUS, TOTAL, WET METHOD (MG/L AS P)",665,,0.48,L120335,30.229473,-97.520581,,57265.02917
1428,12466,COLORADO RIVER AT COUNTY PARK,,,,4/5/2017,11:51,0.3,LOWER COLORADO RIVER AUTHORITY,LOWER COLORADO RIVER AUTHORITY,Routine - Monitoring not intentionally targeted toward any environmental condition or event,,,"PHOSPHORUS, TOTAL, WET METHOD (MG/L AS P)",665,,0.19,L120812,30.229473,-97.520581,,57322.69264
1428,12466,COLORADO RIVER AT COUNTY PARK,,,,6/6/2017,12:05,0.4,LOWER COLORADO RIVER AUTHORITY,LOWER COLORADO RIVER AUTHORITY,Routine - Monitoring not intentionally targeted toward any environmental condition or event,,,"PHOSPHORUS, TOTAL, WET METHOD (MG/L AS P)",665,,0.44,L121391,30.229473,-97.520581,,57385.05236
1428,12466,COLORADO RIVER AT COUNTY PARK,,,,8/8/2017,12:41,0.4,LOWER COLORADO RIVER AUTHORITY,LOWER COLORADO RIVER AUTHORITY,Routine - Monitoring not intentionally targeted toward any environmental condition or event,,,"PHOSPHORUS, TOTAL, WET METHOD (MG/L AS P)",665,,0.44,L122446,30.229473,-97.520581,,57448.07736
1428,12466,COLORADO RIVER AT COUNTY PARK,,,,10/2/2017,9:20,0.3,LOWER COLORADO RIVER AUTHORITY,LOWER COLORADO RIVER AUTHORITY,Routine - Monitoring not intentionally targeted toward any environmental condition or event,,,"PHOSPHORUS, TOTAL, WET METHOD (MG/L AS P)",665,,0.89,L122829,30.229473,-97.520581,,57503.28778
1428,12466,COLORADO RIVER AT COUNTY PARK,,,,12/6/2017,11:48,0.3,LOWER COLORADO RIVER AUTHORITY,LOWER COLORADO RIVER AUTHORITY,Routine - Monitoring not intentionally targeted toward any environmental condition or event,,,"PHOSPHORUS, TOTAL, WET METHOD (MG/L AS P)",665,,1.77,L124071,30.229473,-97.520581,,57569.27056
1428,12466,COLORADO RIVER AT COUNTY PARK,,,,2/8/2018,11:54,0.3,LOWER COLORADO RIVER AUTHORITY,LOWER COLORADO RIVER AUTHORITY,Routine - Monitoring not intentionally targeted toward any environmental condition or event,,,"PHOSPHORUS, TOTAL, WET METHOD (MG/L AS P)",665,,1.74,L124914,30.229473,-97.520581,,57633.24473
1428,12466,COLORADO RIVER AT COUNTY PARK,,,,4/4/2018,11:57,0.3,LOWER COLORADO RIVER AUTHORITY,LOWER COLORADO RIVER AUTHORITY,Routine - Monitoring not intentionally targeted toward any environmental condition or event,,,"PHOSPHORUS, TOTAL, WET METHOD (MG/L AS P)",665,,1.06,L125692,30.229473,-97.520581,,57687.56681
1428,12466,COLORADO RIVER AT COUNTY PARK,,,,6/26/2018,2:52,0.4,LOWER COLORADO RIVER AUTHORITY,LOWER COLORADO RIVER AUTHORITY,Routine - Monitoring not intentionally targeted toward any environmental condition or event,,,"PHOSPHORUS, TOTAL, WET METHOD (MG/L AS P)",665,,0.59,L127019,30.229473,-97.520581,,57769.81834
1428,12466,COLORADO RIVER AT COUNTY PARK,,,,8/28/2018,8:22,0.3,LOWER COLORADO RIVER AUTHORITY,LOWER COLORADO RIVER AUTHORITY,Routine - Monitoring not intentionally targeted toward any environmental condition or event,,,"PHOSPHORUS, TOTAL, WET METHOD (MG/L AS P)",665,,0.45,L127758,30.229473,-97.520581,,57832.8075
1428,12466,COLORADO RIVER AT COUNTY PARK,,,,10/15/2018,12:16,0.3,LOWER COLORADO RIVER AUTHORITY,LOWER COLORADO RIVER AUTHORITY,Routine - Monitoring not intentionally targeted toward any environmental condition or event,,,"PHOSPHORUS, TOTAL, WET METHOD (MG/L AS P)",665,,0.49,L128314,30.229473,-97.520581,,57881.01
1428,12466,COLORADO RIVER AT COUNTY PARK,,,,12/18/2018,12:56,0.4,LOWER COLORADO RIVER AUTHORITY,LOWER COLORADO RIVER AUTHORITY,Routine - Monitoring not intentionally targeted toward any environmental condition or event,,,"PHOSPHORUS, TOTAL, WET METHOD (MG/L AS P)",665,,0.31,L130183,30.229473,-97.520581,,57944.95778
1428,12466,COLORADO RIVER AT COUNTY PARK,,,,2/11/2019,1:50,0.4,LOWER COLORADO RIVER AUTHORITY,LOWER COLORADO RIVER AUTHORITY,Routine - Monitoring not intentionally targeted toward any environmental condition or event,,,"PHOSPHORUS, TOTAL, WET METHOD (MG/L AS P)",665,,0.22,L130596,30.229473,-97.520581,,57999.40528
1428,12466,COLORADO RIVER AT COUNTY PARK,,,,4/2/2019,1:13,0.3,LOWER COLORADO RIVER AUTHORITY,LOWER COLORADO RIVER AUTHORITY,Routine - Monitoring not intentionally targeted toward any environmental condition or event,,,"PHOSPHORUS, TOTAL, WET METHOD (MG/L AS P)",665,,0.6,L131477,30.229473,-97.520581,,58049.65959
1428,12466,COLORADO RIVER AT COUNTY PARK,,,,6/10/2019,12:37,0.3,LOWER COLORADO RIVER AUTHORITY,LOWER COLORADO RIVER AUTHORITY,Routine - Monitoring not intentionally targeted toward any environmental condition or event,,,"PHOSPHORUS, TOTAL, WET METHOD (MG/L AS P)",665,,0.15,L132301,30.229473,-97.520581,,58118.68459
1428,12466,COLORADO RIVER AT COUNTY PARK,,,,8/15/2019,12:28,0.3,LOWER COLORADO RIVER AUTHORITY,LOWER COLORADO RIVER AUTHORITY,Routine - Monitoring not intentionally targeted toward any environmental condition or event,,,"PHOSPHORUS, TOTAL, WET METHOD (MG/L AS P)",665,,0.83,L133935,30.229473,-97.520581,,58185.35834
1428,12466,COLORADO RIVER AT COUNTY PARK,,,,10/14/2019,11:58,0.3,LOWER COLORADO RIVER AUTHORITY,LOWER COLORADO RIVER AUTHORITY,Routine - Monitoring not intentionally targeted toward any environmental condition or event,,,"PHOSPHORUS, TOTAL, WET METHOD (MG/L AS P)",665,,1.57,L134379,30.229473,-97.520581,,58246.0775
1428,12466,COLORADO RIVER AT COUNTY PARK,,,,12/5/2019,12:35,0.3,LOWER COLORADO RIVER AUTHORITY,LOWER COLORADO RIVER AUTHORITY,Routine - Monitoring not intentionally targeted toward any environmental condition or event,,,"PHOSPHORUS, TOTAL, WET METHOD (MG/L AS P)",665,,1.31,L135015,30.229473,-97.520581,,58297.8432
1428,12466,COLORADO RIVER AT COUNTY PARK,,,,2/4/2020,12:29,0.3,LOWER COLORADO RIVER AUTHORITY,LOWER COLORADO RIVER AUTHORITY,Routine - Monitoring not intentionally targeted toward any environmental condition or event,,,"PHOSPHORUS, TOTAL, WET METHOD (MG/L AS P)",665,,1.2,L135486,30.229473,-97.520581,,58358.72903
1428,12466,COLORADO RIVER AT COUNTY PARK,,,,4/8/2020,11:36,0.3,LOWER COLORADO RIVER AUTHORITY,LOWER COLORADO RIVER AUTHORITY,Routine - Monitoring not intentionally targeted toward any environmental condition or event,,,"PHOSPHORUS, TOTAL, WET METHOD (MG/L AS P)",665,,0.46,L136003,30.229473,-97.520581,,58421.95223
1428,12466,COLORADO RIVER AT COUNTY PARK,,,,6/4/2020,12:23,0.3,LOWER COLORADO RIVER AUTHORITY,LOWER COLORADO RIVER AUTHORITY,Routine - Monitoring not intentionally targeted toward any environmental condition or event,,,"PHOSPHORUS, TOTAL, WET METHOD (MG/L AS P)",665,,0.61,L137039,30.229473,-97.520581,,58479.13486
1428,12466,COLORADO RIVER AT COUNTY PARK,,,,8/17/2020,10:34,0.3,LOWER COLORADO RIVER AUTHORITY,LOWER COLORADO RIVER AUTHORITY,Routine - Monitoring not intentionally targeted toward any environmental condition or event,,,"PHOSPHORUS, TOTAL, WET METHOD (MG/L AS P)",665,,0.54,L137573,30.229473,-97.520581,,58552.98917
1428,12466,COLORADO RIVER AT COUNTY PARK,,,,10/13/2020,12:01,0.3,LOWER COLORADO RIVER AUTHORITY,LOWER COLORADO RIVER AUTHORITY,Routine - Monitoring not intentionally targeted toward any environmental condition or event,,,"PHOSPHORUS, TOTAL, WET METHOD (MG/L AS P)",665,,0.82,L138112,30.229473,-97.520581,,58610.32959
1428,12466,COLORADO RIVER AT COUNTY PARK,,,,12/14/2020,12:00,0.3,LOWER COLORADO RIVER AUTHORITY,LOWER COLORADO RIVER AUTHORITY,Routine - Monitoring not intentionally targeted toward any environmental condition or event,,,"PHOSPHORUS, TOTAL, WET METHOD (MG/L AS P)",665,,1.67,L138760,30.229473,-97.520581,,58673.17889
1428,12466,COLORADO RIVER AT COUNTY PARK,,,,2/2/2021,2:10,0.3,LOWER COLORADO RIVER AUTHORITY,LOWER COLORADO RIVER AUTHORITY,Routine - Monitoring not intentionally targeted toward any environmental condition or event,,,"PHOSPHORUS, TOTAL, WET METHOD (MG/L AS P)",665,,1.92,L139028,30.229473,-97.520581,,58723.01917
1428,12466,COLORADO RIVER AT COUNTY PARK,,,,4/1/2021,12:53,0.3,LOWER COLORADO RIVER AUTHORITY,LOWER COLORADO RIVER AUTHORITY,Routine - Monitoring not intentionally targeted toward any environmental condition or event,,,"PHOSPHORUS, TOTAL, WET METHOD (MG/L AS P)",665,,1.62,L139694,30.229473,-97.520581,,58781.1657
1428,12466,COLORADO RIVER AT COUNTY PARK,,,,6/3/2021,1:13,0.3,LOWER COLORADO RIVER AUTHORITY,LOWER COLORADO RIVER AUTHORITY,Routine - Monitoring not intentionally targeted toward any environmental condition or event,,,"PHOSPHORUS, TOTAL, WET METHOD (MG/L AS P)",665,,0.86,L140144,30.229473,-97.520581,,58842.91959
1428,12466,COLORADO RIVER AT COUNTY PARK,,,,8/23/2021,2:44,0.3,LOWER COLORADO RIVER AUTHORITY,LOWER COLORADO RIVER AUTHORITY,Routine - Monitoring not intentionally targeted toward any environmental condition or event,,,"PHOSPHORUS, TOTAL, WET METHOD (MG/L AS P)",665,,0.67,L140947,30.229473,-97.520581,,58923.79278
1428,12466,COLORADO RIVER AT COUNTY PARK,,,,10/21/2021,1:34,0.3,LOWER COLORADO RIVER AUTHORITY,LOWER COLORADO RIVER AUTHORITY,Routine - Monitoring not intentionally targeted toward any environmental condition or event,,,"PHOSPHORUS, TOTAL, WET METHOD (MG/L AS P)",665,,1.01,L141487,30.229473,-97.520581,Filamentous algae present.,58983.08417
1428,12466,COLORADO RIVER AT COUNTY PARK,,,,12/9/2021,11:24,0.3,LOWER COLORADO RIVER AUTHORITY,LOWER COLORADO RIVER AUTHORITY,Routine - Monitoring not intentionally targeted toward any environmental condition or event,,,"PHOSPHORUS, TOTAL, WET METHOD (MG/L AS P)",665,,1.26,L141705,30.229473,-97.520581,,59032.74389
1428,12466,COLORADO RIVER AT COUNTY PARK,,,,2/10/2022,12:22,0.3,LOWER COLORADO RIVER AUTHORITY,LOWER COLORADO RIVER AUTHORITY,Routine - Monitoring not intentionally targeted toward any environmental condition or event,,,"PHOSPHORUS, TOTAL, WET METHOD (MG/L AS P)",665,,0.92,L142190,30.229473,-97.520581,,59095.44417
1428,12466,COLORADO RIVER AT COUNTY PARK,,,,4/25/2022,12:09,0.3,LOWER COLORADO RIVER AUTHORITY,LOWER COLORADO RIVER AUTHORITY,Routine - Monitoring not intentionally targeted toward any environmental condition or event,,,"PHOSPHORUS, TOTAL, WET METHOD (MG/L AS P)",665,,0.64,L143091,30.229473,-97.520581,Dam releasing at time of sampling,59169.15514
