1428,12466,COLORADO RIVER AT COUNTY PARK,,,,7/10/1991,11:25,0.3,TEXAS COMMISSION ON ENVIRONMENTAL QUALITY,TCEQ REGIONAL OFFICE,Routine - Monitoring not intentionally targeted toward any environmental condition or event,,,"NITRITE PLUS NITRATE, TOTAL ONE LAB DETERMINED VALUE (MG/L AS N)",630,,0.99,Z161556,30.229473,-97.520581,,47887.47459
1428,12466,COLORADO RIVER AT COUNTY PARK,,,,2/11/1991,1:34,0.3,TEXAS COMMISSION ON ENVIRONMENTAL QUALITY,TCEQ REGIONAL OFFICE,Routine - Monitoring not intentionally targeted toward any environmental condition or event,,,"NITRITE PLUS NITRATE, TOTAL ONE LAB DETERMINED VALUE (MG/L AS N)",630,,3.13,Z161553,30.229473,-97.520581,DRERCAST SKY WATER TURBID LOTS OF PERIPHYTON,47740.20417
1428,12466,COLORADO RIVER AT COUNTY PARK,,,,12/12/1984,9:58,0.3,TEXAS COMMISSION ON ENVIRONMENTAL QUALITY,TCEQ CENTRAL OFFICE,SPECIAL STUDY,,,"NITRITE PLUS NITRATE, TOTAL ONE LAB DETERMINED VALUE (MG/L AS N)",630,,3.49,Z161531,30.229473,-97.520581,,45488.91417
1428,12466,COLORADO RIVER AT COUNTY PARK,,,,8/22/1989,12:10,0.3,TEXAS COMMISSION ON ENVIRONMENTAL QUALITY,TCEQ REGIONAL OFFICE,Routine - Monitoring not intentionally targeted toward any environmental condition or event,,,"NITRITE PLUS NITRATE, TOTAL ONE LAB DETERMINED VALUE (MG/L AS N)",630,,0.98,Z161546,30.229473,-97.520581,,47200.49584
1428,12466,COLORADO RIVER AT COUNTY PARK,,,0.321,12/11/1984,1:00,0.3,TEXAS COMMISSION ON ENVIRONMENTAL QUALITY,TCEQ CENTRAL OFFICE,SPECIAL STUDY,Time,,"NITRITE PLUS NITRATE, TOTAL ONE LAB DETERMINED VALUE (MG/L AS N)",630,,3.86,Z161525,30.229473,-97.520581, The 0.321m depth is an assumed value that was populated during migration to SWQMIS.,45488.23156
1428,12466,COLORADO RIVER AT COUNTY PARK,,,,6/27/1989,11:40,0.3,TEXAS COMMISSION ON ENVIRONMENTAL QUALITY,TCEQ REGIONAL OFFICE,Routine - Monitoring not intentionally targeted toward any environmental condition or event,,,"NITRITE PLUS NITRATE, TOTAL ONE LAB DETERMINED VALUE (MG/L AS N)",630,,0.55,Z161545,30.229473,-97.520581,MOSTLY CLOUDY SKY WATER TURBID AMBIENT TEMPER .ATURE 24.20C .,47144.045
1428,12466,COLORADO RIVER AT COUNTY PARK,,,,5/12/1992,2:00,0.3,TEXAS COMMISSION ON ENVIRONMENTAL QUALITY,TCEQ REGIONAL OFFICE,Routine - Monitoring not intentionally targeted toward any environmental condition or event,,,"NITRITE PLUS NITRATE, TOTAL ONE LAB DETERMINED VALUE (MG/L AS N)",630,,1.36,853,30.229473,-97.520581,,49047.45223
1428,12466,COLORADO RIVER AT COUNTY PARK,,,,11/18/1991,12:10,0.3,TEXAS COMMISSION ON ENVIRONMENTAL QUALITY,TCEQ REGIONAL OFFICE,Routine - Monitoring not intentionally targeted toward any environmental condition or event,,,"NITRITE PLUS NITRATE, TOTAL ONE LAB DETERMINED VALUE (MG/L AS N)",630,,1.8,9803,30.229473,-97.520581, MODERATE RAIN 2 DAYS BEFORE SAMPLE. THE RIVER WAS MORE TURBID THAN NORMAL,57822.31584
1428,12466,COLORADO RIVER AT COUNTY PARK,,,,8/10/1992,12:50,0.3,TEXAS COMMISSION ON ENVIRONMENTAL QUALITY,TCEQ REGIONAL OFFICE,Routine - Monitoring not intentionally targeted toward any environmental condition or event,,,"NITRITE PLUS NITRATE, TOTAL ONE LAB DETERMINED VALUE (MG/L AS N)",630,,1.23,1713,30.229473,-97.520581,,49997.77361
1428,12466,COLORADO RIVER AT COUNTY PARK,,,,11/29/1990,11:00,0.3,TEXAS COMMISSION ON ENVIRONMENTAL QUALITY,TCEQ REGIONAL OFFICE,Routine - Monitoring not intentionally targeted toward any environmental condition or event,,,"NITRITE PLUS NITRATE, TOTAL ONE LAB DETERMINED VALUE (MG/L AS N)",630,,9.01,X005269,30.229473,-97.520581,,47672.47723
1428,12466,COLORADO RIVER AT COUNTY PARK,,,,3/11/1992,12:20,0.3,TEXAS COMMISSION ON ENVIRONMENTAL QUALITY,TCEQ REGIONAL OFFICE,Routine - Monitoring not intentionally targeted toward any environmental condition or event,,,"NITRITE PLUS NITRATE, TOTAL ONE LAB DETERMINED VALUE (MG/L AS N)",630,,0.62,X010118,30.229473,-97.520581," RIVER IN FLOOD CONDITIONS BECAUSE OF HEAVY RAIN AND DAM RELEASES UPSTREAM,SEINE FISH NEAR PARKING LOT",48132.14278
1428,12466,COLORADO RIVER AT COUNTY PARK,,,,3/25/1993,8:50,0.3,TEXAS COMMISSION ON ENVIRONMENTAL QUALITY,TCEQ REGIONAL OFFICE,Routine - Monitoring not intentionally targeted toward any environmental condition or event,,,"NITRITE PLUS NITRATE, TOTAL ONE LAB DETERMINED VALUE (MG/L AS N)",630,,0.71,1757,30.229473,-97.520581,,50268.08695
1428,12466,COLORADO RIVER AT COUNTY PARK,,,,10/7/1992,3:05,0.3,TEXAS COMMISSION ON ENVIRONMENTAL QUALITY,TCEQ REGIONAL OFFICE,Routine - Monitoring not intentionally targeted toward any environmental condition or event,,,"NITRITE PLUS NITRATE, TOTAL ONE LAB DETERMINED VALUE (MG/L AS N)",630,,1,1726,30.229473,-97.520581,,50068.13736
1428,12466,COLORADO RIVER AT COUNTY PARK,,,,7/26/1994,12:00,0.304878,TEXAS COMMISSION ON ENVIRONMENTAL QUALITY,TCEQ REGIONAL OFFICE,Routine - Monitoring not intentionally targeted toward any environmental condition or event,,,"NITRITE PLUS NITRATE, TOTAL ONE LAB DETERMINED VALUE (MG/L AS N)",630,,0.9,8354,30.229473,-97.520581,,57353.41377
1428,12466,COLORADO RIVER AT COUNTY PARK,,,,5/11/1994,11:25,0.304878,TEXAS COMMISSION ON ENVIRONMENTAL QUALITY,TCEQ REGIONAL OFFICE,Routine - Monitoring not intentionally targeted toward any environmental condition or event,,,"NITRITE PLUS NITRATE, TOTAL ONE LAB DETERMINED VALUE (MG/L AS N)",630,,2.99,6994,30.229473,-97.520581,,55919.47946
1428,12466,COLORADO RIVER AT COUNTY PARK,,,,2/25/1993,10:30,0.304878,TEXAS COMMISSION ON ENVIRONMENTAL QUALITY,TCEQ REGIONAL OFFICE,Routine - Monitoring not intentionally targeted toward any environmental condition or event,,,"NITRITE PLUS NITRATE, TOTAL ONE LAB DETERMINED VALUE (MG/L AS N)",630,,5.29,1769,30.229473,-97.520581,"FLOW RATE TOO HIGH TO GET SECCHI DISC MEASUREMENT, WATER WAS MOSTLY CLEAR, PERIPHYTON ON RUBBLE, SLIGHT AMOUNT OF RAIN EARLIER IN MORNING.",50256.74127
1428,12466,COLORADO RIVER AT COUNTY PARK,,,,11/4/1993,2:45,0.304878,TEXAS COMMISSION ON ENVIRONMENTAL QUALITY,TCEQ REGIONAL OFFICE,Routine - Monitoring not intentionally targeted toward any environmental condition or event,,,"NITRITE PLUS NITRATE, TOTAL ONE LAB DETERMINED VALUE (MG/L AS N)",630,,4.26,3237,30.229473,-97.520581,,51975.38835
1428,12466,COLORADO RIVER AT COUNTY PARK,,,,1/28/1994,1:45,0.304878,TEXAS COMMISSION ON ENVIRONMENTAL QUALITY,TCEQ REGIONAL OFFICE,Routine - Monitoring not intentionally targeted toward any environmental condition or event,,,"NITRITE PLUS NITRATE, TOTAL ONE LAB DETERMINED VALUE (MG/L AS N)",630,,4.794,6954,30.229473,-97.520581,,55777.88069
1428,12466,COLORADO RIVER AT COUNTY PARK,,,,6/30/1993,11:50,0.304878,TEXAS COMMISSION ON ENVIRONMENTAL QUALITY,TCEQ REGIONAL OFFICE,Routine - Monitoring not intentionally targeted toward any environmental condition or event,,,"NITRITE PLUS NITRATE, TOTAL ONE LAB DETERMINED VALUE (MG/L AS N)",630,,1.77,3173,30.229473,-97.520581,,51782.27683
1428,12466,COLORADO RIVER AT COUNTY PARK,,,,10/26/1994,4:05,0.304878,TEXAS COMMISSION ON ENVIRONMENTAL QUALITY,TCEQ REGIONAL OFFICE,Routine - Monitoring not intentionally targeted toward any environmental condition or event,,,"NITRITE PLUS NITRATE, TOTAL ONE LAB DETERMINED VALUE (MG/L AS N)",630,,1.5,10782,30.229473,-97.520581,,59873.68391
1428,12466,COLORADO RIVER AT COUNTY PARK,,,,10/4/1995,1:45,0.3,TEXAS COMMISSION ON ENVIRONMENTAL QUALITY,TCEQ REGIONAL OFFICE,Routine - Monitoring not intentionally targeted toward any environmental condition or event,,,"NITRITE PLUS NITRATE, TOTAL ONE LAB DETERMINED VALUE (MG/L AS N)",630,,1.33,13298,30.229473,-97.520581,,62732.41181
1428,12466,COLORADO RIVER AT COUNTY PARK,,,,1/30/1995,11:00,0.3,TEXAS COMMISSION ON ENVIRONMENTAL QUALITY,TCEQ REGIONAL OFFICE,Routine - Monitoring not intentionally targeted toward any environmental condition or event,,,"NITRITE PLUS NITRATE, TOTAL ONE LAB DETERMINED VALUE (MG/L AS N)",630,,4.48,10867,30.229473,-97.520581,,60057.94723
1428,12466,COLORADO RIVER AT COUNTY PARK,,,,3/20/1995,2:05,0.3,TEXAS COMMISSION ON ENVIRONMENTAL QUALITY,TCEQ REGIONAL OFFICE,Routine - Monitoring not intentionally targeted toward any environmental condition or event,,,"NITRITE PLUS NITRATE, TOTAL ONE LAB DETERMINED VALUE (MG/L AS N)",630,,4.32,10797,30.229473,-97.520581,,60036.4157
1428,12466,COLORADO RIVER AT COUNTY PARK,,,,8/15/1995,2:10,0.3,TEXAS COMMISSION ON ENVIRONMENTAL QUALITY,TCEQ REGIONAL OFFICE,Routine - Monitoring not intentionally targeted toward any environmental condition or event,,,"NITRITE PLUS NITRATE, TOTAL ONE LAB DETERMINED VALUE (MG/L AS N)",630,,1.1,10847,30.229473,-97.520581,,60231.19917
1428,12466,COLORADO RIVER AT COUNTY PARK,,,,12/1/1999,12:00,0.3,LOWER COLORADO RIVER AUTHORITY,DEFAULT CODE FOR UNKNOWN SOURCES,Routine - Monitoring not intentionally targeted toward any environmental condition or event,,,"NITRITE PLUS NITRATE, TOTAL ONE LAB DETERMINED VALUE (MG/L AS N)",630,,9.75,L001424,30.229473,-97.520581,,50962.25889
1428,12466,COLORADO RIVER AT COUNTY PARK,,,,10/6/1999,1:00,0.3,LOWER COLORADO RIVER AUTHORITY,DEFAULT CODE FOR UNKNOWN SOURCES,Routine - Monitoring not intentionally targeted toward any environmental condition or event,,,"NITRITE PLUS NITRATE, TOTAL ONE LAB DETERMINED VALUE (MG/L AS N)",630,,2.09,L001364,30.229473,-97.520581,,50898.14056
1428,12466,COLORADO RIVER AT COUNTY PARK,,,,12/12/1989,12:40,0.3,LOWER COLORADO RIVER AUTHORITY,DEFAULT CODE FOR UNKNOWN SOURCES,Routine - Monitoring not intentionally targeted toward any environmental condition or event,,,"NITRITE PLUS NITRATE, TOTAL ONE LAB DETERMINED VALUE (MG/L AS N)",630,,1.116,L038122,30.229473,-97.520581,,47312.65267
1428,12466,COLORADO RIVER AT COUNTY PARK,,,,4/10/1989,3:30,0.3,LOWER COLORADO RIVER AUTHORITY,DEFAULT CODE FOR UNKNOWN SOURCES,Routine - Monitoring not intentionally targeted toward any environmental condition or event,,,"NITRITE PLUS NITRATE, TOTAL ONE LAB DETERMINED VALUE (MG/L AS N)",630,,1.3,L038117,30.229473,-97.520581,,47066.45473
1428,12466,COLORADO RIVER AT COUNTY PARK,,,,5/8/1989,2:50,0.3,LOWER COLORADO RIVER AUTHORITY,DEFAULT CODE FOR UNKNOWN SOURCES,Routine - Monitoring not intentionally targeted toward any environmental condition or event,,,"NITRITE PLUS NITRATE, TOTAL ONE LAB DETERMINED VALUE (MG/L AS N)",630,,0.81,L038118,30.229473,-97.520581,,47093.93695
1428,12466,COLORADO RIVER AT COUNTY PARK,,,,6/12/1989,3:25,0.3,LOWER COLORADO RIVER AUTHORITY,DEFAULT CODE FOR UNKNOWN SOURCES,Routine - Monitoring not intentionally targeted toward any environmental condition or event,,,"NITRITE PLUS NITRATE, TOTAL ONE LAB DETERMINED VALUE (MG/L AS N)",630,,0.84,L038119,30.229473,-97.520581,,47128.99125
1428,12466,COLORADO RIVER AT COUNTY PARK,,,,8/15/1989,2:10,0.3,LOWER COLORADO RIVER AUTHORITY,DEFAULT CODE FOR UNKNOWN SOURCES,Routine - Monitoring not intentionally targeted toward any environmental condition or event,,,"NITRITE PLUS NITRATE, TOTAL ONE LAB DETERMINED VALUE (MG/L AS N)",630,,1.29,L038120,30.229473,-97.520581,,47193.38917
1428,12466,COLORADO RIVER AT COUNTY PARK,,,,10/3/1989,3:00,0.3,LOWER COLORADO RIVER AUTHORITY,DEFAULT CODE FOR UNKNOWN SOURCES,Routine - Monitoring not intentionally targeted toward any environmental condition or event,,,"NITRITE PLUS NITRATE, TOTAL ONE LAB DETERMINED VALUE (MG/L AS N)",630,,1.17,L038121,30.229473,-97.520581,,47242.30389
1428,12466,COLORADO RIVER AT COUNTY PARK,,,,10/16/1995,11:40,0.3,LOWER COLORADO RIVER AUTHORITY,DEFAULT CODE FOR UNKNOWN SOURCES,Routine - Monitoring not intentionally targeted toward any environmental condition or event,,,"NITRITE PLUS NITRATE, TOTAL ONE LAB DETERMINED VALUE (MG/L AS N)",630,,2.744,L040978,30.229473,-97.520581,,49448.239
1428,12466,COLORADO RIVER AT COUNTY PARK,,,,4/25/1995,11:15,0.3,LOWER COLORADO RIVER AUTHORITY,DEFAULT CODE FOR UNKNOWN SOURCES,Routine - Monitoring not intentionally targeted toward any environmental condition or event,,,"NITRITE PLUS NITRATE, TOTAL ONE LAB DETERMINED VALUE (MG/L AS N)",630,,0.937,L040180,30.229473,-97.520581,,49272.41464
1428,12466,COLORADO RIVER AT COUNTY PARK,,,,4/21/1992,11:25,0.3,LOWER COLORADO RIVER AUTHORITY,DEFAULT CODE FOR UNKNOWN SOURCES,Routine - Monitoring not intentionally targeted toward any environmental condition or event,,,"NITRITE PLUS NITRATE, TOTAL ONE LAB DETERMINED VALUE (MG/L AS N)",630,,1.2,L038136,30.229473,-97.520581,,48173.68459
1428,12466,COLORADO RIVER AT COUNTY PARK,,,,6/16/1992,11:00,0.3,LOWER COLORADO RIVER AUTHORITY,DEFAULT CODE FOR UNKNOWN SOURCES,Routine - Monitoring not intentionally targeted toward any environmental condition or event,,,"NITRITE PLUS NITRATE, TOTAL ONE LAB DETERMINED VALUE (MG/L AS N)",630,,0.61,L038137,30.229473,-97.520581,,48229.07723
1428,12466,COLORADO RIVER AT COUNTY PARK,,,,8/13/1991,11:30,0.3,LOWER COLORADO RIVER AUTHORITY,DEFAULT CODE FOR UNKNOWN SOURCES,Routine - Monitoring not intentionally targeted toward any environmental condition or event,,,"NITRITE PLUS NITRATE, TOTAL ONE LAB DETERMINED VALUE (MG/L AS N)",630,,0.65,L038132,30.229473,-97.520581,,47921.13806
1428,12466,COLORADO RIVER AT COUNTY PARK,,,,10/28/1991,10:30,0.3,LOWER COLORADO RIVER AUTHORITY,DEFAULT CODE FOR UNKNOWN SOURCES,Routine - Monitoring not intentionally targeted toward any environmental condition or event,,,"NITRITE PLUS NITRATE, TOTAL ONE LAB DETERMINED VALUE (MG/L AS N)",630,,4.79,L038133,30.229473,-97.520581,,48001.23639
1428,12466,COLORADO RIVER AT COUNTY PARK,,,,12/10/1991,10:15,0.3,LOWER COLORADO RIVER AUTHORITY,DEFAULT CODE FOR UNKNOWN SOURCES,Routine - Monitoring not intentionally targeted toward any environmental condition or event,,,"NITRITE PLUS NITRATE, TOTAL ONE LAB DETERMINED VALUE (MG/L AS N)",630,,1.87,L038134,30.229473,-97.520581,,48041.30598
1428,12466,COLORADO RIVER AT COUNTY PARK,,,,2/10/1992,10:25,0.3,LOWER COLORADO RIVER AUTHORITY,DEFAULT CODE FOR UNKNOWN SOURCES,Routine - Monitoring not intentionally targeted toward any environmental condition or event,,,"NITRITE PLUS NITRATE, TOTAL ONE LAB DETERMINED VALUE (MG/L AS N)",630,,0.53,L038135,30.229473,-97.520581,,48101.97292
1428,12466,COLORADO RIVER AT COUNTY PARK,,,,12/11/1990,10:05,0.3,LOWER COLORADO RIVER AUTHORITY,DEFAULT CODE FOR UNKNOWN SOURCES,Routine - Monitoring not intentionally targeted toward any environmental condition or event,,,"NITRITE PLUS NITRATE, TOTAL ONE LAB DETERMINED VALUE (MG/L AS N)",630,,5.95,L038128,30.229473,-97.520581,,47681.37903
1428,12466,COLORADO RIVER AT COUNTY PARK,,,,2/12/1991,9:55,0.3,LOWER COLORADO RIVER AUTHORITY,DEFAULT CODE FOR UNKNOWN SOURCES,Routine - Monitoring not intentionally targeted toward any environmental condition or event,,,"NITRITE PLUS NITRATE, TOTAL ONE LAB DETERMINED VALUE (MG/L AS N)",630,,3.44,L038129,30.229473,-97.520581,,47741.86209
1428,12466,COLORADO RIVER AT COUNTY PARK,,,,4/9/1991,11:10,0.3,LOWER COLORADO RIVER AUTHORITY,DEFAULT CODE FOR UNKNOWN SOURCES,Routine - Monitoring not intentionally targeted toward any environmental condition or event,,,"NITRITE PLUS NITRATE, TOTAL ONE LAB DETERMINED VALUE (MG/L AS N)",630,,1.36,L038130,30.229473,-97.520581,,47795.83417
1428,12466,COLORADO RIVER AT COUNTY PARK,,,,6/18/1991,11:40,0.3,LOWER COLORADO RIVER AUTHORITY,DEFAULT CODE FOR UNKNOWN SOURCES,Routine - Monitoring not intentionally targeted toward any environmental condition or event,,,"NITRITE PLUS NITRATE, TOTAL ONE LAB DETERMINED VALUE (MG/L AS N)",630,,1.03,L038131,30.229473,-97.520581,,47865.525
1428,12466,COLORADO RIVER AT COUNTY PARK,,,,10/13/1994,3:10,0.3,LOWER COLORADO RIVER AUTHORITY,DEFAULT CODE FOR UNKNOWN SOURCES,Routine - Monitoring not intentionally targeted toward any environmental condition or event,,,"NITRITE PLUS NITRATE, TOTAL ONE LAB DETERMINED VALUE (MG/L AS N)",630,,3.005,L040761,30.229473,-97.520581,,49080.14584
1428,12466,COLORADO RIVER AT COUNTY PARK,,,,1/24/1990,1:00,0.3,LOWER COLORADO RIVER AUTHORITY,DEFAULT CODE FOR UNKNOWN SOURCES,Routine - Monitoring not intentionally targeted toward any environmental condition or event,,,"NITRITE PLUS NITRATE, TOTAL ONE LAB DETERMINED VALUE (MG/L AS N)",630,,8.48,L038123,30.229473,-97.520581,,47362.53056
1428,12466,COLORADO RIVER AT COUNTY PARK,,,,3/26/1990,12:30,0.3,LOWER COLORADO RIVER AUTHORITY,DEFAULT CODE FOR UNKNOWN SOURCES,Routine - Monitoring not intentionally targeted toward any environmental condition or event,,,"NITRITE PLUS NITRATE, TOTAL ONE LAB DETERMINED VALUE (MG/L AS N)",630,,2,L038124,30.229473,-97.520581,,47417.52973
1428,12466,COLORADO RIVER AT COUNTY PARK,,,,5/22/1990,2:05,0.3,LOWER COLORADO RIVER AUTHORITY,DEFAULT CODE FOR UNKNOWN SOURCES,Routine - Monitoring not intentionally targeted toward any environmental condition or event,,,"NITRITE PLUS NITRATE, TOTAL ONE LAB DETERMINED VALUE (MG/L AS N)",630,,0.85,L038125,30.229473,-97.520581,,47472.9457
1428,12466,COLORADO RIVER AT COUNTY PARK,,,,8/13/1990,10:10,0.3,LOWER COLORADO RIVER AUTHORITY,DEFAULT CODE FOR UNKNOWN SOURCES,Routine - Monitoring not intentionally targeted toward any environmental condition or event,,,"NITRITE PLUS NITRATE, TOTAL ONE LAB DETERMINED VALUE (MG/L AS N)",630,,0.88,L038126,30.229473,-97.520581,,47556.3125
1428,12466,COLORADO RIVER AT COUNTY PARK,,,,10/15/1990,11:10,0.3,LOWER COLORADO RIVER AUTHORITY,DEFAULT CODE FOR UNKNOWN SOURCES,Routine - Monitoring not intentionally targeted toward any environmental condition or event,,,"NITRITE PLUS NITRATE, TOTAL ONE LAB DETERMINED VALUE (MG/L AS N)",630,,5,L038127,30.229473,-97.520581,,47623.47417
1428,12466,COLORADO RIVER AT COUNTY PARK,,,,6/5/1995,11:45,0.3,LOWER COLORADO RIVER AUTHORITY,DEFAULT CODE FOR UNKNOWN SOURCES,Routine - Monitoring not intentionally targeted toward any environmental condition or event,,,"NITRITE PLUS NITRATE, TOTAL ONE LAB DETERMINED VALUE (MG/L AS N)",630,,0.345,L040199,30.229473,-97.520581,,49312.84348
1428,12466,COLORADO RIVER AT COUNTY PARK,,,,2/22/1995,11:00,0.3,LOWER COLORADO RIVER AUTHORITY,DEFAULT CODE FOR UNKNOWN SOURCES,Routine - Monitoring not intentionally targeted toward any environmental condition or event,,,"NITRITE PLUS NITRATE, TOTAL ONE LAB DETERMINED VALUE (MG/L AS N)",630,,4.332,L040602,30.229473,-97.520581,,49213.79923
1428,12466,COLORADO RIVER AT COUNTY PARK,,,,2/15/1994,10:30,0.3,LOWER COLORADO RIVER AUTHORITY,DEFAULT CODE FOR UNKNOWN SOURCES,Routine - Monitoring not intentionally targeted toward any environmental condition or event,,,"NITRITE PLUS NITRATE, TOTAL ONE LAB DETERMINED VALUE (MG/L AS N)",630,,3.572,L040352,30.229473,-97.520581,,48841.01839
1428,12466,COLORADO RIVER AT COUNTY PARK,,,,12/13/1994,10:45,14.33,LOWER COLORADO RIVER AUTHORITY,DEFAULT CODE FOR UNKNOWN SOURCES,Routine - Monitoring not intentionally targeted toward any environmental condition or event,,,"NITRITE PLUS NITRATE, TOTAL ONE LAB DETERMINED VALUE (MG/L AS N)",630,,4.383,L040897,30.229473,-97.520581,,49156.86981
1428,12466,COLORADO RIVER AT COUNTY PARK,,,,12/13/1994,11:00,14.33,LOWER COLORADO RIVER AUTHORITY,DEFAULT CODE FOR UNKNOWN SOURCES,Routine - Monitoring not intentionally targeted toward any environmental condition or event,,,"NITRITE PLUS NITRATE, TOTAL ONE LAB DETERMINED VALUE (MG/L AS N)",630,,5.13,L040900,30.229473,-97.520581,,49157.62723
1428,12466,COLORADO RIVER AT COUNTY PARK,,,,12/13/1994,11:00,14.33,LOWER COLORADO RIVER AUTHORITY,DEFAULT CODE FOR UNKNOWN SOURCES,Routine - Monitoring not intentionally targeted toward any environmental condition or event,,,"NITRITE PLUS NITRATE, TOTAL ONE LAB DETERMINED VALUE (MG/L AS N)",630,,4.312,L040901,30.229473,-97.520581,,49156.80923
1428,12466,COLORADO RIVER AT COUNTY PARK,,,,4/19/1995,11:10,0.3,LOWER COLORADO RIVER AUTHORITY,DEFAULT CODE FOR UNKNOWN SOURCES,Routine - Monitoring not intentionally targeted toward any environmental condition or event,,,"NITRITE PLUS NITRATE, TOTAL ONE LAB DETERMINED VALUE (MG/L AS N)",630,,2.445,L040173,30.229473,-97.520581,,49267.91917
1428,12466,COLORADO RIVER AT COUNTY PARK,,,,4/14/1994,1:45,0.3,LOWER COLORADO RIVER AUTHORITY,DEFAULT CODE FOR UNKNOWN SOURCES,Routine - Monitoring not intentionally targeted toward any environmental condition or event,,,"NITRITE PLUS NITRATE, TOTAL ONE LAB DETERMINED VALUE (MG/L AS N)",630,,1.155,L040447,30.229473,-97.520581,,48896.23681
1428,12466,COLORADO RIVER AT COUNTY PARK,,,,2/2/1998,10:10,0.46,LOWER COLORADO RIVER AUTHORITY,DEFAULT CODE FOR UNKNOWN SOURCES,Routine - Monitoring not intentionally targeted toward any environmental condition or event,,,"NITRITE PLUS NITRATE, TOTAL ONE LAB DETERMINED VALUE (MG/L AS N)",630,,1.34,L041473,30.229473,-97.520581,,50286.9325
1428,12466,COLORADO RIVER AT COUNTY PARK,,,,6/6/1994,11:25,0.3,LOWER COLORADO RIVER AUTHORITY,DEFAULT CODE FOR UNKNOWN SOURCES,Routine - Monitoring not intentionally targeted toward any environmental condition or event,,,"NITRITE PLUS NITRATE, TOTAL ONE LAB DETERMINED VALUE (MG/L AS N)",630,,0.657,L040486,30.229473,-97.520581,,48949.14159
1428,12466,COLORADO RIVER AT COUNTY PARK,,,,8/2/1994,11:15,0.3,LOWER COLORADO RIVER AUTHORITY,DEFAULT CODE FOR UNKNOWN SOURCES,Routine - Monitoring not intentionally targeted toward any environmental condition or event,,,"NITRITE PLUS NITRATE, TOTAL ONE LAB DETERMINED VALUE (MG/L AS N)",630,,0.057,L040681,30.229473,-97.520581,,49005.53464
1428,12466,COLORADO RIVER AT COUNTY PARK,,,,8/15/1995,11:35,0.3,LOWER COLORADO RIVER AUTHORITY,DEFAULT CODE FOR UNKNOWN SOURCES,Routine - Monitoring not intentionally targeted toward any environmental condition or event,,,"NITRITE PLUS NITRATE, TOTAL ONE LAB DETERMINED VALUE (MG/L AS N)",630,,1.178,L040797,30.229473,-97.520581,,49384.66953
1428,12466,COLORADO RIVER AT COUNTY PARK,,,,2/20/1996,10:05,0.3,LOWER COLORADO RIVER AUTHORITY,DEFAULT CODE FOR UNKNOWN SOURCES,Routine - Monitoring not intentionally targeted toward any environmental condition or event,,,"NITRITE PLUS NITRATE, TOTAL ONE LAB DETERMINED VALUE (MG/L AS N)",630,,3.062,L040657,30.229473,-97.520581,,49575.49103
1428,12466,COLORADO RIVER AT COUNTY PARK,,,,12/2/1996,11:30,0.3,LOWER COLORADO RIVER AUTHORITY,DEFAULT CODE FOR UNKNOWN SOURCES,Routine - Monitoring not intentionally targeted toward any environmental condition or event,,,"NITRITE PLUS NITRATE, TOTAL ONE LAB DETERMINED VALUE (MG/L AS N)",630,,3.125,L040266,30.229473,-97.520581,,49861.61306
1428,12466,COLORADO RIVER AT COUNTY PARK,,,,10/1/1996,12:15,0.3,LOWER COLORADO RIVER AUTHORITY,DEFAULT CODE FOR UNKNOWN SOURCES,Routine - Monitoring not intentionally targeted toward any environmental condition or event,,,"NITRITE PLUS NITRATE, TOTAL ONE LAB DETERMINED VALUE (MG/L AS N)",630,,3.055,L041078,30.229473,-97.520581,,49799.57431
1428,12466,COLORADO RIVER AT COUNTY PARK,,,,12/19/1995,10:15,0.3,LOWER COLORADO RIVER AUTHORITY,DEFAULT CODE FOR UNKNOWN SOURCES,Routine - Monitoring not intentionally targeted toward any environmental condition or event,,,"NITRITE PLUS NITRATE, TOTAL ONE LAB DETERMINED VALUE (MG/L AS N)",630,,3.868,L041063,30.229473,-97.520581,,49513.30398
1428,12466,COLORADO RIVER AT COUNTY PARK,,,,6/1/1998,11:30,0.3,LOWER COLORADO RIVER AUTHORITY,DEFAULT CODE FOR UNKNOWN SOURCES,Routine - Monitoring not intentionally targeted toward any environmental condition or event,,,"NITRITE PLUS NITRATE, TOTAL ONE LAB DETERMINED VALUE (MG/L AS N)",630,,1.03,L055187,30.229473,-97.520581,,50405.51806
1428,12466,COLORADO RIVER AT COUNTY PARK,,,,8/1/1996,11:50,0.3,LOWER COLORADO RIVER AUTHORITY,DEFAULT CODE FOR UNKNOWN SOURCES,Routine - Monitoring not intentionally targeted toward any environmental condition or event,,,"NITRITE PLUS NITRATE, TOTAL ONE LAB DETERMINED VALUE (MG/L AS N)",630,,2.462,L055445,30.229473,-97.520581,,49737.96395
1428,12466,COLORADO RIVER AT COUNTY PARK,,,,6/3/1997,12:05,0.3,LOWER COLORADO RIVER AUTHORITY,DEFAULT CODE FOR UNKNOWN SOURCES,Routine - Monitoring not intentionally targeted toward any environmental condition or event,,,"NITRITE PLUS NITRATE, TOTAL ONE LAB DETERMINED VALUE (MG/L AS N)",630,,0.779,L055607,30.229473,-97.520581,,50042.29136
1428,12466,COLORADO RIVER AT COUNTY PARK,,,,2/1/1999,10:55,0.3,LOWER COLORADO RIVER AUTHORITY,DEFAULT CODE FOR UNKNOWN SOURCES,Routine - Monitoring not intentionally targeted toward any environmental condition or event,,,"NITRITE PLUS NITRATE, TOTAL ONE LAB DETERMINED VALUE (MG/L AS N)",630,,6.86,L055777,30.229473,-97.520581,,50656.32375
1428,12466,COLORADO RIVER AT COUNTY PARK,,,,8/20/1997,10:55,0.3,LOWER COLORADO RIVER AUTHORITY,DEFAULT CODE FOR UNKNOWN SOURCES,Routine - Monitoring not intentionally targeted toward any environmental condition or event,,,"NITRITE PLUS NITRATE, TOTAL ONE LAB DETERMINED VALUE (MG/L AS N)",630,,2.33,L055680,30.229473,-97.520581,,50121.79375
1428,12466,COLORADO RIVER AT COUNTY PARK,,,,4/1/1997,10:20,0.3,LOWER COLORADO RIVER AUTHORITY,DEFAULT CODE FOR UNKNOWN SOURCES,Routine - Monitoring not intentionally targeted toward any environmental condition or event,,,"NITRITE PLUS NITRATE, TOTAL ONE LAB DETERMINED VALUE (MG/L AS N)",630,,0.746,L055546,30.229473,-97.520581,,49979.18545
1428,12466,COLORADO RIVER AT COUNTY PARK,,,,6/10/1996,11:15,0.3,LOWER COLORADO RIVER AUTHORITY,DEFAULT CODE FOR UNKNOWN SOURCES,Routine - Monitoring not intentionally targeted toward any environmental condition or event,,,"NITRITE PLUS NITRATE, TOTAL ONE LAB DETERMINED VALUE (MG/L AS N)",630,,0.568,L055394,30.229473,-97.520581,,49684.04564
1428,12466,COLORADO RIVER AT COUNTY PARK,,,,8/2/1999,1:50,0.3,LOWER COLORADO RIVER AUTHORITY,DEFAULT CODE FOR UNKNOWN SOURCES,Routine - Monitoring not intentionally targeted toward any environmental condition or event,,,"NITRITE PLUS NITRATE, TOTAL ONE LAB DETERMINED VALUE (MG/L AS N)",630,,1.53,L058455,30.229473,-97.520581,,50832.61528
1428,12466,COLORADO RIVER AT COUNTY PARK,,,,10/6/1998,11:10,0.3,LOWER COLORADO RIVER AUTHORITY,DEFAULT CODE FOR UNKNOWN SOURCES,Routine - Monitoring not intentionally targeted toward any environmental condition or event,,,"NITRITE PLUS NITRATE, TOTAL ONE LAB DETERMINED VALUE (MG/L AS N)",630,,2.01,L055260,30.229473,-97.520581,,50533.48417
1428,12466,COLORADO RIVER AT COUNTY PARK,,,,12/8/1997,11:20,0.3,LOWER COLORADO RIVER AUTHORITY,DEFAULT CODE FOR UNKNOWN SOURCES,Routine - Monitoring not intentionally targeted toward any environmental condition or event,,,"NITRITE PLUS NITRATE, TOTAL ONE LAB DETERMINED VALUE (MG/L AS N)",630,,5.44,L055721,30.229473,-97.520581,,50234.92111
1428,12466,COLORADO RIVER AT COUNTY PARK,,,,4/1/1998,9:55,0.3,LOWER COLORADO RIVER AUTHORITY,DEFAULT CODE FOR UNKNOWN SOURCES,Routine - Monitoring not intentionally targeted toward any environmental condition or event,,,"NITRITE PLUS NITRATE, TOTAL ONE LAB DETERMINED VALUE (MG/L AS N)",630,,0.502,L055111,30.229473,-97.520581,,50343.92409
1428,12466,COLORADO RIVER AT COUNTY PARK,,,,4/8/1996,11:30,0.3,LOWER COLORADO RIVER AUTHORITY,DEFAULT CODE FOR UNKNOWN SOURCES,Routine - Monitoring not intentionally targeted toward any environmental condition or event,,,"NITRITE PLUS NITRATE, TOTAL ONE LAB DETERMINED VALUE (MG/L AS N)",630,,1.058,L055332,30.229473,-97.520581,,49621.54606
1428,12466,COLORADO RIVER AT COUNTY PARK,,,,12/4/2000,8:10,0.2,LOWER COLORADO RIVER AUTHORITY,LOWER COLORADO RIVER AUTHORITY,Routine - Monitoring not intentionally targeted toward any environmental condition or event,,,"NITRITE PLUS NITRATE, TOTAL ONE LAB DETERMINED VALUE (MG/L AS N)",630,,6.65,L060888,30.229473,-97.520581,,51327.89917
1428,12466,COLORADO RIVER AT COUNTY PARK,,,,4/3/2001,12:55,0.33,LOWER COLORADO RIVER AUTHORITY,LOWER COLORADO RIVER AUTHORITY,Routine - Monitoring not intentionally targeted toward any environmental condition or event,,,"NITRITE PLUS NITRATE, TOTAL ONE LAB DETERMINED VALUE (MG/L AS N)",630,,1.13,L063409,30.229473,-97.520581,,51442.70709
1428,12466,COLORADO RIVER AT COUNTY PARK,,,,10/4/2000,8:30,0.33,LOWER COLORADO RIVER AUTHORITY,LOWER COLORADO RIVER AUTHORITY,Routine - Monitoring not intentionally targeted toward any environmental condition or event,,,"NITRITE PLUS NITRATE, TOTAL ONE LAB DETERMINED VALUE (MG/L AS N)",630,,1.92,L060833,30.229473,-97.520581,,51262.31306
1428,12466,COLORADO RIVER AT COUNTY PARK,,,,2/6/2001,11:45,0.33,LOWER COLORADO RIVER AUTHORITY,LOWER COLORADO RIVER AUTHORITY,Routine - Monitoring not intentionally targeted toward any environmental condition or event,,,"NITRITE PLUS NITRATE, TOTAL ONE LAB DETERMINED VALUE (MG/L AS N)",630,,1.15,L060951,30.229473,-97.520581,,51386.67848
1428,12466,COLORADO RIVER AT COUNTY PARK,,,,6/6/2001,11:45,0.33,LOWER COLORADO RIVER AUTHORITY,LOWER COLORADO RIVER AUTHORITY,Routine - Monitoring not intentionally targeted toward any environmental condition or event,,,"NITRITE PLUS NITRATE, TOTAL ONE LAB DETERMINED VALUE (MG/L AS N)",630,,1.5,L064040,30.229473,-97.520581,,51507.02848
1428,12466,COLORADO RIVER AT COUNTY PARK,,,,8/15/2001,12:50,0.33,LOWER COLORADO RIVER AUTHORITY,LOWER COLORADO RIVER AUTHORITY,Routine - Monitoring not intentionally targeted toward any environmental condition or event,,,"NITRITE PLUS NITRATE, TOTAL ONE LAB DETERMINED VALUE (MG/L AS N)",630,,1.8,L064159,30.229473,-97.520581,,51577.37361
1428,12466,COLORADO RIVER AT COUNTY PARK,,,,10/3/2001,11:00,0.33,LOWER COLORADO RIVER AUTHORITY,LOWER COLORADO RIVER AUTHORITY,Routine - Monitoring not intentionally targeted toward any environmental condition or event,,,"NITRITE PLUS NITRATE, TOTAL ONE LAB DETERMINED VALUE (MG/L AS N)",630,,2.48,L064202,30.229473,-97.520581,,51626.97723
1428,12466,COLORADO RIVER AT COUNTY PARK,,,,4/1/2002,9:00,0.33,LOWER COLORADO RIVER AUTHORITY,LOWER COLORADO RIVER AUTHORITY,Routine - Monitoring not intentionally targeted toward any environmental condition or event,,,"NITRITE PLUS NITRATE, TOTAL ONE LAB DETERMINED VALUE (MG/L AS N)",630,,2.14,L068658,30.229473,-97.520581,,51806.55389
1428,12466,COLORADO RIVER AT COUNTY PARK,,,,12/10/2001,8:40,0.33,LOWER COLORADO RIVER AUTHORITY,LOWER COLORADO RIVER AUTHORITY,Routine - Monitoring not intentionally targeted toward any environmental condition or event,,,"NITRITE PLUS NITRATE, TOTAL ONE LAB DETERMINED VALUE (MG/L AS N)",630,,1.49,L067114,30.229473,-97.520581,,51693.89
1428,12466,COLORADO RIVER AT COUNTY PARK,,,,2/4/2002,7:55,0.33,LOWER COLORADO RIVER AUTHORITY,LOWER COLORADO RIVER AUTHORITY,Routine - Monitoring not intentionally targeted toward any environmental condition or event,,,"NITRITE PLUS NITRATE, TOTAL ONE LAB DETERMINED VALUE (MG/L AS N)",630,,4.36,L068592,30.229473,-97.520581,,51752.72875
1428,12466,COLORADO RIVER AT COUNTY PARK,,,,6/3/2002,8:55,0.33,LOWER COLORADO RIVER AUTHORITY,LOWER COLORADO RIVER AUTHORITY,Routine - Monitoring not intentionally targeted toward any environmental condition or event,,,"NITRITE PLUS NITRATE, TOTAL ONE LAB DETERMINED VALUE (MG/L AS N)",630,,1.25,L068934,30.229473,-97.520581,,51868.66042
1428,12466,COLORADO RIVER AT COUNTY PARK,,,,10/9/2002,10:45,0.33,LOWER COLORADO RIVER AUTHORITY,LOWER COLORADO RIVER AUTHORITY,Routine - Monitoring not intentionally targeted toward any environmental condition or event,,,"NITRITE PLUS NITRATE, TOTAL ONE LAB DETERMINED VALUE (MG/L AS N)",630,,1.99,L070777,30.229473,-97.520581,,51997.47681
1428,12466,COLORADO RIVER AT COUNTY PARK,,,,8/12/2002,12:40,0.33,LOWER COLORADO RIVER AUTHORITY,LOWER COLORADO RIVER AUTHORITY,Routine - Monitoring not intentionally targeted toward any environmental condition or event,,,"NITRITE PLUS NITRATE, TOTAL ONE LAB DETERMINED VALUE (MG/L AS N)",630,,1.39,L070724,30.229473,-97.520581,,51938.95667
1428,12466,COLORADO RIVER AT COUNTY PARK,,,,12/3/2002,7:40,0.2,LOWER COLORADO RIVER AUTHORITY,LOWER COLORADO RIVER AUTHORITY,Routine - Monitoring not intentionally targeted toward any environmental condition or event,,,"NITRITE PLUS NITRATE, TOTAL ONE LAB DETERMINED VALUE (MG/L AS N)",630,,4.04,L072271,30.229473,-97.520581,,52054.26834
1428,12466,COLORADO RIVER AT COUNTY PARK,,,,6/2/2003,9:00,0.33,LOWER COLORADO RIVER AUTHORITY,LOWER COLORADO RIVER AUTHORITY,Routine - Monitoring not intentionally targeted toward any environmental condition or event,,,"NITRITE PLUS NITRATE, TOTAL ONE LAB DETERMINED VALUE (MG/L AS N)",630,,1.07,L073591,30.229473,-97.520581,,52232.48389
1428,12466,COLORADO RIVER AT COUNTY PARK,,,,8/4/2003,9:55,0.33,LOWER COLORADO RIVER AUTHORITY,LOWER COLORADO RIVER AUTHORITY,Routine - Monitoring not intentionally targeted toward any environmental condition or event,,,"NITRITE PLUS NITRATE, TOTAL ONE LAB DETERMINED VALUE (MG/L AS N)",630,,1.95,L073669,30.229473,-97.520581,,52296.40209
1428,12466,COLORADO RIVER AT COUNTY PARK,,,,10/1/2003,9:19,0.33,LOWER COLORADO RIVER AUTHORITY,LOWER COLORADO RIVER AUTHORITY,Routine - Monitoring not intentionally targeted toward any environmental condition or event,,,"NITRITE PLUS NITRATE, TOTAL ONE LAB DETERMINED VALUE (MG/L AS N)",630,,2.82,L074637,30.229473,-97.520581,32213 70953 values corrected per DCR 7/1/2004 MDMA,52355.24709
1428,12466,COLORADO RIVER AT COUNTY PARK,,,,2/2/2004,11:00,0.33,LOWER COLORADO RIVER AUTHORITY,LOWER COLORADO RIVER AUTHORITY,Routine - Monitoring not intentionally targeted toward any environmental condition or event,,,"NITRITE PLUS NITRATE, TOTAL ONE LAB DETERMINED VALUE (MG/L AS N)",630,,4.86,L076031,30.229473,-97.520581,,52481.35723
1428,12466,COLORADO RIVER AT COUNTY PARK,,,,12/1/2003,9:30,0.33,LOWER COLORADO RIVER AUTHORITY,LOWER COLORADO RIVER AUTHORITY,Routine - Monitoring not intentionally targeted toward any environmental condition or event,,,"NITRITE PLUS NITRATE, TOTAL ONE LAB DETERMINED VALUE (MG/L AS N)",630,,5.69,L076032,30.229473,-97.520581,,52419.12473
1428,12466,COLORADO RIVER AT COUNTY PARK,,,,4/5/2004,10:05,0.33,LOWER COLORADO RIVER AUTHORITY,LOWER COLORADO RIVER AUTHORITY,Routine - Monitoring not intentionally targeted toward any environmental condition or event,,,"NITRITE PLUS NITRATE, TOTAL ONE LAB DETERMINED VALUE (MG/L AS N)",630,,4.57,L076180,30.229473,-97.520581,,52544.02903
1428,12466,COLORADO RIVER AT COUNTY PARK,,,,6/1/2004,9:30,0.33,LOWER COLORADO RIVER AUTHORITY,LOWER COLORADO RIVER AUTHORITY,Routine - Monitoring not intentionally targeted toward any environmental condition or event,,,"NITRITE PLUS NITRATE, TOTAL ONE LAB DETERMINED VALUE (MG/L AS N)",630,,1.12,L076444,30.229473,-97.520581,,52597.55473
1428,12466,COLORADO RIVER AT COUNTY PARK,,,,12/6/2004,9:30,0.3,LOWER COLORADO RIVER AUTHORITY,LOWER COLORADO RIVER AUTHORITY,Routine - Monitoring not intentionally targeted toward any environmental condition or event,,,"NITRITE PLUS NITRATE, TOTAL ONE LAB DETERMINED VALUE (MG/L AS N)",630,,0.759,L078581,30.229473,-97.520581,,52785.16373
1428,12466,COLORADO RIVER AT COUNTY PARK,,,,10/5/2004,8:55,0.33,LOWER COLORADO RIVER AUTHORITY,LOWER COLORADO RIVER AUTHORITY,Routine - Monitoring not intentionally targeted toward any environmental condition or event,,,"NITRITE PLUS NITRATE, TOTAL ONE LAB DETERMINED VALUE (MG/L AS N)",630,,2.494,L078068,30.229473,-97.520581,,52724.90442
1428,12466,COLORADO RIVER AT COUNTY PARK,,,,8/2/2004,10:20,0.32,LOWER COLORADO RIVER AUTHORITY,LOWER COLORADO RIVER AUTHORITY,Routine - Monitoring not intentionally targeted toward any environmental condition or event,,,"NITRITE PLUS NITRATE, TOTAL ONE LAB DETERMINED VALUE (MG/L AS N)",630,,2.41,L077318,30.229473,-97.520581,,52660.86945
1428,12466,COLORADO RIVER AT COUNTY PARK,,,,4/4/2005,10:40,0.3,LOWER COLORADO RIVER AUTHORITY,LOWER COLORADO RIVER AUTHORITY,Routine - Monitoring not intentionally targeted toward any environmental condition or event,,,"NITRITE PLUS NITRATE, TOTAL ONE LAB DETERMINED VALUE (MG/L AS N)",630,,0.9619,L080098,30.229473,-97.520581,,52904.41524
1428,12466,COLORADO RIVER AT COUNTY PARK,,,,6/1/2005,11:30,0.3,LOWER COLORADO RIVER AUTHORITY,LOWER COLORADO RIVER AUTHORITY,Routine - Monitoring not intentionally targeted toward any environmental condition or event,,,"NITRITE PLUS NITRATE, TOTAL ONE LAB DETERMINED VALUE (MG/L AS N)",630,,0.7723,L079555,30.229473,-97.520581,,52962.26036
1428,12466,COLORADO RIVER AT COUNTY PARK,,,,2/1/2005,9:45,0.3,LOWER COLORADO RIVER AUTHORITY,LOWER COLORADO RIVER AUTHORITY,Routine - Monitoring not intentionally targeted toward any environmental condition or event,,,"NITRITE PLUS NITRATE, TOTAL ONE LAB DETERMINED VALUE (MG/L AS N)",630,,1.033,L080683,30.229473,-97.520581,,52842.44814
1428,12466,COLORADO RIVER AT COUNTY PARK,,,,8/2/2005,10:05,0.33,LOWER COLORADO RIVER AUTHORITY,LOWER COLORADO RIVER AUTHORITY,Routine - Monitoring not intentionally targeted toward any environmental condition or event,,,"NITRITE PLUS NITRATE, TOTAL ONE LAB DETERMINED VALUE (MG/L AS N)",630,,2.029,L081174,30.229473,-97.520581,,53025.48803
1428,12466,COLORADO RIVER AT COUNTY PARK,,,,10/4/2005,9:50,0.33,LOWER COLORADO RIVER AUTHORITY,LOWER COLORADO RIVER AUTHORITY,Routine - Monitoring not intentionally targeted toward any environmental condition or event,,,"NITRITE PLUS NITRATE, TOTAL ONE LAB DETERMINED VALUE (MG/L AS N)",630,,1.065,L081673,30.229473,-97.520581,,53087.51361
1428,12466,COLORADO RIVER AT COUNTY PARK,,,,12/5/2005,8:55,0.3,LOWER COLORADO RIVER AUTHORITY,LOWER COLORADO RIVER AUTHORITY,Routine - Monitoring not intentionally targeted toward any environmental condition or event,,,"NITRITE PLUS NITRATE, TOTAL ONE LAB DETERMINED VALUE (MG/L AS N)",630,,8.085,L082324,30.229473,-97.520581,,53156.46542
1428,12466,COLORADO RIVER AT COUNTY PARK,,,,2/1/2006,9:35,0.3,LOWER COLORADO RIVER AUTHORITY,LOWER COLORADO RIVER AUTHORITY,Routine - Monitoring not intentionally targeted toward any environmental condition or event,,,"NITRITE PLUS NITRATE, TOTAL ONE LAB DETERMINED VALUE (MG/L AS N)",630,,7.215,L082725,30.229473,-97.520581,,53213.6232
1428,12466,COLORADO RIVER AT COUNTY PARK,,,,6/5/2006,10:35,0.33,LOWER COLORADO RIVER AUTHORITY,LOWER COLORADO RIVER AUTHORITY,Routine - Monitoring not intentionally targeted toward any environmental condition or event,,,"NITRITE PLUS NITRATE, TOTAL ONE LAB DETERMINED VALUE (MG/L AS N)",630,,0.9974,L084015,30.229473,-97.520581,,53331.47726
1428,12466,COLORADO RIVER AT COUNTY PARK,,,,4/3/2006,10:25,0.33,LOWER COLORADO RIVER AUTHORITY,LOWER COLORADO RIVER AUTHORITY,Routine - Monitoring not intentionally targeted toward any environmental condition or event,,,"NITRITE PLUS NITRATE, TOTAL ONE LAB DETERMINED VALUE (MG/L AS N)",630,,3.124,L083386,30.229473,-97.520581,,53270.59692
1428,12466,COLORADO RIVER AT COUNTY PARK,,,,12/4/2006,9:05,0.3,LOWER COLORADO RIVER AUTHORITY,LOWER COLORADO RIVER AUTHORITY,Routine - Monitoring not intentionally targeted toward any environmental condition or event,,,"NITRITE PLUS NITRATE, TOTAL ONE LAB DETERMINED VALUE (MG/L AS N)",630,,7,L085464,30.229473,-97.520581,,53519.38736
1428,12466,COLORADO RIVER AT COUNTY PARK,,,,2/5/2007,9:55,0.3,LOWER COLORADO RIVER AUTHORITY,LOWER COLORADO RIVER AUTHORITY,Routine - Monitoring not intentionally targeted toward any environmental condition or event,,,"NITRITE PLUS NITRATE, TOTAL ONE LAB DETERMINED VALUE (MG/L AS N)",630,,6.33,L086030,30.229473,-97.520581,,53581.75209
1428,12466,COLORADO RIVER AT COUNTY PARK,,,,10/9/2006,11:05,0.3,LOWER COLORADO RIVER AUTHORITY,LOWER COLORADO RIVER AUTHORITY,Routine - Monitoring not intentionally targeted toward any environmental condition or event,,,"NITRITE PLUS NITRATE, TOTAL ONE LAB DETERMINED VALUE (MG/L AS N)",630,,2.2,L085206,30.229473,-97.520581,,53458.6707
1428,12466,COLORADO RIVER AT COUNTY PARK,,,,8/1/2006,8:55,0.3,LOWER COLORADO RIVER AUTHORITY,LOWER COLORADO RIVER AUTHORITY,Routine - Monitoring not intentionally targeted toward any environmental condition or event,,,"NITRITE PLUS NITRATE, TOTAL ONE LAB DETERMINED VALUE (MG/L AS N)",630,,2.42,L085205,30.229473,-97.520581,,53389.80042
1428,12466,COLORADO RIVER AT COUNTY PARK,,,,6/5/2007,9:20,0.3,LOWER COLORADO RIVER AUTHORITY,LOWER COLORADO RIVER AUTHORITY,Routine - Monitoring not intentionally targeted toward any environmental condition or event,,,"NITRITE PLUS NITRATE, TOTAL ONE LAB DETERMINED VALUE (MG/L AS N)",630,,0.78,L087095,30.229473,-97.520581,,53696.17778
1428,12466,COLORADO RIVER AT COUNTY PARK,,,,4/3/2007,9:40,0.3,LOWER COLORADO RIVER AUTHORITY,LOWER COLORADO RIVER AUTHORITY,Routine - Monitoring not intentionally targeted toward any environmental condition or event,,,"NITRITE PLUS NITRATE, TOTAL ONE LAB DETERMINED VALUE (MG/L AS N)",630,,3.2,L086542,30.229473,-97.520581,,53635.61167
1428,12466,COLORADO RIVER AT COUNTY PARK,,,,8/1/2007,9:00,0.3,LOWER COLORADO RIVER AUTHORITY,LOWER COLORADO RIVER AUTHORITY,Routine - Monitoring not intentionally targeted toward any environmental condition or event,,,"NITRITE PLUS NITRATE, TOTAL ONE LAB DETERMINED VALUE (MG/L AS N)",630,,0.85,L089084,30.229473,-97.520581,,53753.23389
1428,12466,COLORADO RIVER AT COUNTY PARK,,,,12/4/2007,10:45,0.3,LOWER COLORADO RIVER AUTHORITY,LOWER COLORADO RIVER AUTHORITY,Routine - Monitoring not intentionally targeted toward any environmental condition or event,,,"NITRITE PLUS NITRATE, TOTAL ONE LAB DETERMINED VALUE (MG/L AS N)",630,,6.01,L088465,30.229473,-97.520581,,53883.46681
1428,12466,COLORADO RIVER AT COUNTY PARK,,,,10/2/2007,8:25,0.3,LOWER COLORADO RIVER AUTHORITY,LOWER COLORADO RIVER AUTHORITY,Routine - Monitoring not intentionally targeted toward any environmental condition or event,,,"NITRITE PLUS NITRATE, TOTAL ONE LAB DETERMINED VALUE (MG/L AS N)",630,,3.85,L087818,30.229473,-97.520581,,53818.20959
1428,12466,COLORADO RIVER AT COUNTY PARK,,,,6/3/2008,8:50,0.3,LOWER COLORADO RIVER AUTHORITY,LOWER COLORADO RIVER AUTHORITY,Routine - Monitoring not intentionally targeted toward any environmental condition or event,,,"NITRITE PLUS NITRATE, TOTAL ONE LAB DETERMINED VALUE (MG/L AS N)",630,,1.43,L089682,30.229473,-97.520581,,54060.80695
1428,12466,COLORADO RIVER AT COUNTY PARK,,,,4/1/2008,8:30,0.3,LOWER COLORADO RIVER AUTHORITY,LOWER COLORADO RIVER AUTHORITY,Routine - Monitoring not intentionally targeted toward any environmental condition or event,,,"NITRITE PLUS NITRATE, TOTAL ONE LAB DETERMINED VALUE (MG/L AS N)",630,,3.16,L089556,30.229473,-97.520581,,53999.52306
1428,12466,COLORADO RIVER AT COUNTY PARK,,,,2/5/2008,9:15,0.3,LOWER COLORADO RIVER AUTHORITY,LOWER COLORADO RIVER AUTHORITY,Routine - Monitoring not intentionally targeted toward any environmental condition or event,,,"NITRITE PLUS NITRATE, TOTAL ONE LAB DETERMINED VALUE (MG/L AS N)",630,,5.05,L089532,30.229473,-97.520581,,53945.44431
1428,12466,COLORADO RIVER AT COUNTY PARK,,,,4/6/2009,8:55,0.3,LOWER COLORADO RIVER AUTHORITY,LOWER COLORADO RIVER AUTHORITY,Routine - Monitoring not intentionally targeted toward any environmental condition or event,,,"NITRITE PLUS NITRATE, TOTAL ONE LAB DETERMINED VALUE (MG/L AS N)",630,,2.67,L094036,30.229473,-97.520581,,54369.05042
1428,12466,COLORADO RIVER AT COUNTY PARK,,,,10/1/2008,8:25,0.3,LOWER COLORADO RIVER AUTHORITY,LOWER COLORADO RIVER AUTHORITY,Routine - Monitoring not intentionally targeted toward any environmental condition or event,,,"NITRITE PLUS NITRATE, TOTAL ONE LAB DETERMINED VALUE (MG/L AS N)",630,,1.69,L092051,30.229473,-97.520581,,54181.04959
1428,12466,COLORADO RIVER AT COUNTY PARK,,,,12/2/2008,8:40,0.3,LOWER COLORADO RIVER AUTHORITY,LOWER COLORADO RIVER AUTHORITY,Routine - Monitoring not intentionally targeted toward any environmental condition or event,,,"NITRITE PLUS NITRATE, TOTAL ONE LAB DETERMINED VALUE (MG/L AS N)",630,,9.16,L092644,30.229473,-97.520581,,54250.53
1428,12466,COLORADO RIVER AT COUNTY PARK,,,,8/5/2008,9:30,0.3,LOWER COLORADO RIVER AUTHORITY,LOWER COLORADO RIVER AUTHORITY,Routine - Monitoring not intentionally targeted toward any environmental condition or event,,,"NITRITE PLUS NITRATE, TOTAL ONE LAB DETERMINED VALUE (MG/L AS N)",630,,1.69,L091548,30.229473,-97.520581,,54124.09473
1428,12466,COLORADO RIVER AT COUNTY PARK,,,,2/3/2009,9:15,0.3,LOWER COLORADO RIVER AUTHORITY,LOWER COLORADO RIVER AUTHORITY,Routine - Monitoring not intentionally targeted toward any environmental condition or event,,,"NITRITE PLUS NITRATE, TOTAL ONE LAB DETERMINED VALUE (MG/L AS N)",630,,8.71,L093450,30.229473,-97.520581,,54313.10431
1428,12466,COLORADO RIVER AT COUNTY PARK,,,,10/6/2009,9:10,0.3,LOWER COLORADO RIVER AUTHORITY,LOWER COLORADO RIVER AUTHORITY,Routine - Monitoring not intentionally targeted toward any environmental condition or event,,,"NITRITE PLUS NITRATE, TOTAL ONE LAB DETERMINED VALUE (MG/L AS N)",630,,2.17,L096732,30.229473,-97.520581,,54551.56084
1428,12466,COLORADO RIVER AT COUNTY PARK,,,,6/2/2009,8:45,0.3,LOWER COLORADO RIVER AUTHORITY,LOWER COLORADO RIVER AUTHORITY,Routine - Monitoring not intentionally targeted toward any environmental condition or event,,,"NITRITE PLUS NITRATE, TOTAL ONE LAB DETERMINED VALUE (MG/L AS N)",630,,1.15,L095152,30.229473,-97.520581,,54424.52348
1428,12466,COLORADO RIVER AT COUNTY PARK,,,,8/4/2009,9:10,0.3,LOWER COLORADO RIVER AUTHORITY,LOWER COLORADO RIVER AUTHORITY,Routine - Monitoring not intentionally targeted toward any environmental condition or event,,,"NITRITE PLUS NITRATE, TOTAL ONE LAB DETERMINED VALUE (MG/L AS N)",630,,2.1,L095720,30.229473,-97.520581,,54488.49084
1428,12466,COLORADO RIVER AT COUNTY PARK,,,,12/1/2009,8:45,0.3,LOWER COLORADO RIVER AUTHORITY,LOWER COLORADO RIVER AUTHORITY,Routine - Monitoring not intentionally targeted toward any environmental condition or event,,,"NITRITE PLUS NITRATE, TOTAL ONE LAB DETERMINED VALUE (MG/L AS N)",630,,5.12,L096960,30.229473,-97.520581,,54610.49348
1428,12466,COLORADO RIVER AT COUNTY PARK,,,,2/2/2010,8:40,0.3,LOWER COLORADO RIVER AUTHORITY,LOWER COLORADO RIVER AUTHORITY,Routine - Monitoring not intentionally targeted toward any environmental condition or event,,,"NITRITE PLUS NITRATE, TOTAL ONE LAB DETERMINED VALUE (MG/L AS N)",630,,4.86,L097578,30.229473,-97.520581,,54673.23
1428,12466,COLORADO RIVER AT COUNTY PARK,,,,6/1/2010,9:20,0.3,LOWER COLORADO RIVER AUTHORITY,LOWER COLORADO RIVER AUTHORITY,Routine - Monitoring not intentionally targeted toward any environmental condition or event,,,"NITRITE PLUS NITRATE, TOTAL ONE LAB DETERMINED VALUE (MG/L AS N)",630,,1.18,L098843,30.229473,-97.520581,,54788.57778
1428,12466,COLORADO RIVER AT COUNTY PARK,,,,4/6/2010,8:30,0.3,LOWER COLORADO RIVER AUTHORITY,LOWER COLORADO RIVER AUTHORITY,Routine - Monitoring not intentionally targeted toward any environmental condition or event,,,"NITRITE PLUS NITRATE, TOTAL ONE LAB DETERMINED VALUE (MG/L AS N)",630,,1.81,L098616,30.229473,-97.520581,,54733.17306
1428,12466,COLORADO RIVER AT COUNTY PARK,,,,8/3/2010,8:25,0.3,LOWER COLORADO RIVER AUTHORITY,LOWER COLORADO RIVER AUTHORITY,Routine - Monitoring not intentionally targeted toward any environmental condition or event,,,"NITRITE PLUS NITRATE, TOTAL ONE LAB DETERMINED VALUE (MG/L AS N)",630,,2.84,L099770,30.229473,-97.520581,,54853.19959
1428,12466,COLORADO RIVER AT COUNTY PARK,,,,10/5/2010,8:55,0.3,LOWER COLORADO RIVER AUTHORITY,LOWER COLORADO RIVER AUTHORITY,Routine - Monitoring not intentionally targeted toward any environmental condition or event,,,"NITRITE PLUS NITRATE, TOTAL ONE LAB DETERMINED VALUE (MG/L AS N)",630,,2.49,L100502,30.229473,-97.520581,,54915.87042
1428,12466,COLORADO RIVER AT COUNTY PARK,,,,8/2/2011,3:30,0.3,LOWER COLORADO RIVER AUTHORITY,LOWER COLORADO RIVER AUTHORITY,Routine - Monitoring not intentionally targeted toward any environmental condition or event,,,"NITRITE PLUS NITRATE, TOTAL ONE LAB DETERMINED VALUE (MG/L AS N)",630,,2.12,L103456,30.229473,-97.520581,,55216.27473
1428,12466,COLORADO RIVER AT COUNTY PARK,,,,4/5/2011,8:55,0.3,LOWER COLORADO RIVER AUTHORITY,LOWER COLORADO RIVER AUTHORITY,Routine - Monitoring not intentionally targeted toward any environmental condition or event,,,"NITRITE PLUS NITRATE, TOTAL ONE LAB DETERMINED VALUE (MG/L AS N)",630,,1.82,L102496,30.229473,-97.520581,,55097.20042
1428,12466,COLORADO RIVER AT COUNTY PARK,,,,2/1/2011,10:45,0.3,LOWER COLORADO RIVER AUTHORITY,LOWER COLORADO RIVER AUTHORITY,Routine - Monitoring not intentionally targeted toward any environmental condition or event,,,"NITRITE PLUS NITRATE, TOTAL ONE LAB DETERMINED VALUE (MG/L AS N)",630,,3.58,L101636,30.229473,-97.520581,,55036.03681
1428,12466,COLORADO RIVER AT COUNTY PARK,,,,12/7/2010,8:45,0.3,LOWER COLORADO RIVER AUTHORITY,LOWER COLORADO RIVER AUTHORITY,Routine - Monitoring not intentionally targeted toward any environmental condition or event,,,"NITRITE PLUS NITRATE, TOTAL ONE LAB DETERMINED VALUE (MG/L AS N)",630,,4.28,L101392,30.229473,-97.520581,,54980.65348
1428,12466,COLORADO RIVER AT COUNTY PARK,,,,6/7/2011,8:30,0.3,LOWER COLORADO RIVER AUTHORITY,LOWER COLORADO RIVER AUTHORITY,Routine - Monitoring not intentionally targeted toward any environmental condition or event,,,"NITRITE PLUS NITRATE, TOTAL ONE LAB DETERMINED VALUE (MG/L AS N)",630,,1.3,L102963,30.229473,-97.520581,,55159.66306
1428,12466,COLORADO RIVER AT COUNTY PARK,,,,10/4/2011,2:55,0.3,LOWER COLORADO RIVER AUTHORITY,LOWER COLORADO RIVER AUTHORITY,Routine - Monitoring not intentionally targeted toward any environmental condition or event,,,"NITRITE PLUS NITRATE, TOTAL ONE LAB DETERMINED VALUE (MG/L AS N)",630,,2.94,L104234,30.229473,-97.520581,,55280.07042
1428,12466,COLORADO RIVER AT COUNTY PARK,,,,2/9/2012,3:15,0.3,LOWER COLORADO RIVER AUTHORITY,LOWER COLORADO RIVER AUTHORITY,Routine - Monitoring not intentionally targeted toward any environmental condition or event,,,"NITRITE PLUS NITRATE, TOTAL ONE LAB DETERMINED VALUE (MG/L AS N)",630,,8.84,L105440,30.229473,-97.520581,,55413.98431
1428,12466,COLORADO RIVER AT COUNTY PARK,,,,12/6/2011,2:50,0.3,LOWER COLORADO RIVER AUTHORITY,LOWER COLORADO RIVER AUTHORITY,Routine - Monitoring not intentionally targeted toward any environmental condition or event,,,"NITRITE PLUS NITRATE, TOTAL ONE LAB DETERMINED VALUE (MG/L AS N)",630,,3.76,L105005,30.229473,-97.520581,,55343.88695
1428,12466,COLORADO RIVER AT COUNTY PARK,,,,4/3/2012,3:20,0.3,LOWER COLORADO RIVER AUTHORITY,LOWER COLORADO RIVER AUTHORITY,Routine - Monitoring not intentionally targeted toward any environmental condition or event,,,"NITRITE PLUS NITRATE, TOTAL ONE LAB DETERMINED VALUE (MG/L AS N)",630,,4.93,L105727,30.229473,-97.520581,,55464.07778
1428,12466,COLORADO RIVER AT COUNTY PARK,,,,6/5/2012,3:30,0.3,LOWER COLORADO RIVER AUTHORITY,LOWER COLORADO RIVER AUTHORITY,Routine - Monitoring not intentionally targeted toward any environmental condition or event,,,"NITRITE PLUS NITRATE, TOTAL ONE LAB DETERMINED VALUE (MG/L AS N)",630,,8.8,L106357,30.229473,-97.520581,,55530.95473
1428,12466,COLORADO RIVER AT COUNTY PARK,,,,8/7/2012,9:00,0.3,LOWER COLORADO RIVER AUTHORITY,LOWER COLORADO RIVER AUTHORITY,Routine - Monitoring not intentionally targeted toward any environmental condition or event,,,"NITRITE PLUS NITRATE, TOTAL ONE LAB DETERMINED VALUE (MG/L AS N)",630,,6.64,L106961,30.229473,-97.520581,,55592.02389
1428,12466,COLORADO RIVER AT COUNTY PARK,,,,10/4/2012,10:30,0.3,LOWER COLORADO RIVER AUTHORITY,LOWER COLORADO RIVER AUTHORITY,Routine - Monitoring not intentionally targeted toward any environmental condition or event,,,"NITRITE PLUS NITRATE, TOTAL ONE LAB DETERMINED VALUE (MG/L AS N)",630,,6.8,L107362,30.229473,-97.520581,,55650.24639
1428,12466,COLORADO RIVER AT COUNTY PARK,,,,2/11/2013,8:55,0.3,LOWER COLORADO RIVER AUTHORITY,LOWER COLORADO RIVER AUTHORITY,Routine - Monitoring not intentionally targeted toward any environmental condition or event,,,"NITRITE PLUS NITRATE, TOTAL ONE LAB DETERMINED VALUE (MG/L AS N)",630,,11.9,L108486,30.229473,-97.520581,,55785.28042
1428,12466,COLORADO RIVER AT COUNTY PARK,,,,12/3/2012,9:15,0.3,LOWER COLORADO RIVER AUTHORITY,LOWER COLORADO RIVER AUTHORITY,Routine - Monitoring not intentionally targeted toward any environmental condition or event,,,"NITRITE PLUS NITRATE, TOTAL ONE LAB DETERMINED VALUE (MG/L AS N)",630,,10.5,L107897,30.229473,-97.520581,,55713.89431
1428,12466,COLORADO RIVER AT COUNTY PARK,,,,6/10/2013,9:29,0.3,LOWER COLORADO RIVER AUTHORITY,LOWER COLORADO RIVER AUTHORITY,Routine - Monitoring not intentionally targeted toward any environmental condition or event,,,"NITRITE PLUS NITRATE, TOTAL ONE LAB DETERMINED VALUE (MG/L AS N)",630,,4.81,L109427,30.229473,-97.520581,,55897.21403
1428,12466,COLORADO RIVER AT COUNTY PARK,,,,4/8/2013,12:40,0.3,LOWER COLORADO RIVER AUTHORITY,LOWER COLORADO RIVER AUTHORITY,Routine - Monitoring not intentionally targeted toward any environmental condition or event,,,"NITRITE PLUS NITRATE, TOTAL ONE LAB DETERMINED VALUE (MG/L AS N)",630,,8.3,L108910,30.229473,-97.520581,,55837.83667
1428,12466,COLORADO RIVER AT COUNTY PARK,,,,8/7/2013,1:46,0.3,LOWER COLORADO RIVER AUTHORITY,LOWER COLORADO RIVER AUTHORITY,Routine - Monitoring not intentionally targeted toward any environmental condition or event,,,"NITRITE PLUS NITRATE, TOTAL ONE LAB DETERMINED VALUE (MG/L AS N)",630,,4.71,L109680,30.229473,-97.520581,,55954.7925
1428,12466,COLORADO RIVER AT COUNTY PARK,,,,10/8/2013,3:31,0.3,LOWER COLORADO RIVER AUTHORITY,LOWER COLORADO RIVER AUTHORITY,Routine - Monitoring not intentionally targeted toward any environmental condition or event,,,"NITRITE PLUS NITRATE, TOTAL ONE LAB DETERMINED VALUE (MG/L AS N)",630,,7.13,L110108,30.229473,-97.520581,,56019.28542
1428,12466,COLORADO RIVER AT COUNTY PARK,,,,2/10/2014,10:55,0.3,LOWER COLORADO RIVER AUTHORITY,LOWER COLORADO RIVER AUTHORITY,Routine - Monitoring not intentionally targeted toward any environmental condition or event,,,"NITRITE PLUS NITRATE, TOTAL ONE LAB DETERMINED VALUE (MG/L AS N)",630,,7.75,L111151,30.229473,-97.520581,,56145.21375
1428,12466,COLORADO RIVER AT COUNTY PARK,,,,12/9/2013,10:48,0.3,LOWER COLORADO RIVER AUTHORITY,LOWER COLORADO RIVER AUTHORITY,Routine - Monitoring not intentionally targeted toward any environmental condition or event,,,"NITRITE PLUS NITRATE, TOTAL ONE LAB DETERMINED VALUE (MG/L AS N)",630,,7.43,L110778,30.229473,-97.520581,,56081.88889
1428,12466,COLORADO RIVER AT COUNTY PARK,,,,4/1/2014,8:48,0.3,LOWER COLORADO RIVER AUTHORITY,LOWER COLORADO RIVER AUTHORITY,Routine - Monitoring not intentionally targeted toward any environmental condition or event,,,"NITRITE PLUS NITRATE, TOTAL ONE LAB DETERMINED VALUE (MG/L AS N)",630,,8.63,L111377,30.229473,-97.520581,,56196.00556
1428,12466,COLORADO RIVER AT COUNTY PARK,,,,8/13/2014,2:50,0.3,LOWER COLORADO RIVER AUTHORITY,LOWER COLORADO RIVER AUTHORITY,Routine - Monitoring not intentionally targeted toward any environmental condition or event,,,"NITRITE PLUS NITRATE, TOTAL ONE LAB DETERMINED VALUE (MG/L AS N)",630,,6.55,L112684,30.229473,-97.520581,,56327.67695
1428,12466,COLORADO RIVER AT COUNTY PARK,,,,6/9/2014,9:55,0.3,LOWER COLORADO RIVER AUTHORITY,LOWER COLORADO RIVER AUTHORITY,Routine - Monitoring not intentionally targeted toward any environmental condition or event,,,"NITRITE PLUS NITRATE, TOTAL ONE LAB DETERMINED VALUE (MG/L AS N)",630,,6.4,L112187,30.229473,-97.520581,,56262.82209
1428,12466,COLORADO RIVER AT COUNTY PARK,,,,10/14/2014,10:35,0.3,LOWER COLORADO RIVER AUTHORITY,LOWER COLORADO RIVER AUTHORITY,Routine - Monitoring not intentionally targeted toward any environmental condition or event,,,"NITRITE PLUS NITRATE, TOTAL ONE LAB DETERMINED VALUE (MG/L AS N)",630,,6.96,L113142,30.229473,-97.520581,,56390.40986
1428,12466,COLORADO RIVER AT COUNTY PARK,,,,2/9/2015,12:03,0.3,LOWER COLORADO RIVER AUTHORITY,LOWER COLORADO RIVER AUTHORITY,Routine - Monitoring not intentionally targeted toward any environmental condition or event,,,"NITRITE PLUS NITRATE, TOTAL ONE LAB DETERMINED VALUE (MG/L AS N)",630,,4.32,L113948,30.229473,-97.520581,,56505.83098
1428,12466,COLORADO RIVER AT COUNTY PARK,,,,12/11/2014,9:07,0.3,LOWER COLORADO RIVER AUTHORITY,LOWER COLORADO RIVER AUTHORITY,Routine - Monitoring not intentionally targeted toward any environmental condition or event,,,"NITRITE PLUS NITRATE, TOTAL ONE LAB DETERMINED VALUE (MG/L AS N)",630,,7.52,L113766,30.229473,-97.520581,,56448.90875
1428,12466,COLORADO RIVER AT COUNTY PARK,,,,6/11/2015,9:30,0.3,LOWER COLORADO RIVER AUTHORITY,LOWER COLORADO RIVER AUTHORITY,Routine - Monitoring not intentionally targeted toward any environmental condition or event,,,"NITRITE PLUS NITRATE, TOTAL ONE LAB DETERMINED VALUE (MG/L AS N)",630,,4.7,L115106,30.229473,-97.520581,,56628.10473
1428,12466,COLORADO RIVER AT COUNTY PARK,,,,8/6/2015,8:41,0.3,LOWER COLORADO RIVER AUTHORITY,LOWER COLORADO RIVER AUTHORITY,Routine - Monitoring not intentionally targeted toward any environmental condition or event,,,"NITRITE PLUS NITRATE, TOTAL ONE LAB DETERMINED VALUE (MG/L AS N)",630,,10.7,L115450,30.229473,-97.520581,,56690.0707
1428,12466,COLORADO RIVER AT COUNTY PARK,,,,10/12/2015,10:45,0.3,LOWER COLORADO RIVER AUTHORITY,LOWER COLORADO RIVER AUTHORITY,Routine - Monitoring not intentionally targeted toward any environmental condition or event,,,"NITRITE PLUS NITRATE, TOTAL ONE LAB DETERMINED VALUE (MG/L AS N)",630,,6.47,L116175,30.229473,-97.520581,,56752.92681
1428,12466,COLORADO RIVER AT COUNTY PARK,,,,4/2/2015,10:30,0.3,LOWER COLORADO RIVER AUTHORITY,LOWER COLORADO RIVER AUTHORITY,Routine - Monitoring not intentionally targeted toward any environmental condition or event,,,"NITRITE PLUS NITRATE, TOTAL ONE LAB DETERMINED VALUE (MG/L AS N)",630,,6.24,L114321,30.229473,-97.520581,,56559.68639
1428,12466,COLORADO RIVER AT COUNTY PARK,,,,4/25/2016,9:14,0.3,LOWER COLORADO RIVER AUTHORITY,LOWER COLORADO RIVER AUTHORITY,Routine - Monitoring not intentionally targeted toward any environmental condition or event,,,"NITRITE PLUS NITRATE, TOTAL ONE LAB DETERMINED VALUE (MG/L AS N)",630,,0.69,L117842,30.229473,-97.520581,,56943.08361
1428,12466,COLORADO RIVER AT COUNTY PARK,,,,8/4/2016,10:25,0.3,LOWER COLORADO RIVER AUTHORITY,LOWER COLORADO RIVER AUTHORITY,Routine - Monitoring not intentionally targeted toward any environmental condition or event,,,"NITRITE PLUS NITRATE, TOTAL ONE LAB DETERMINED VALUE (MG/L AS N)",630,,5.23,L118472,30.229473,-97.520581,,57048.67292
1428,12466,COLORADO RIVER AT COUNTY PARK,,,,6/8/2016,1:16,0.3,LOWER COLORADO RIVER AUTHORITY,LOWER COLORADO RIVER AUTHORITY,Routine - Monitoring not intentionally targeted toward any environmental condition or event,,,"NITRITE PLUS NITRATE, TOTAL ONE LAB DETERMINED VALUE (MG/L AS N)",630,,0.24,L118126,30.229473,-97.520581,,56986.30167
1428,12466,COLORADO RIVER AT COUNTY PARK,,,,10/17/2016,11:23,0.3,LOWER COLORADO RIVER AUTHORITY,LOWER COLORADO RIVER AUTHORITY,Routine - Monitoring not intentionally targeted toward any environmental condition or event,,,"NITRITE PLUS NITRATE, TOTAL ONE LAB DETERMINED VALUE (MG/L AS N)",630,,5.54,L119379,30.229473,-97.520581,,57123.0232
1428,12466,COLORADO RIVER AT COUNTY PARK,,,,2/16/2016,1:35,0.3,LOWER COLORADO RIVER AUTHORITY,LOWER COLORADO RIVER AUTHORITY,Routine - Monitoring not intentionally targeted toward any environmental condition or event,,,"NITRITE PLUS NITRATE, TOTAL ONE LAB DETERMINED VALUE (MG/L AS N)",630,,6.81,L117143,30.229473,-97.520581,,56879.88486
1428,12466,COLORADO RIVER AT COUNTY PARK,,,,12/7/2015,2:00,0.3,LOWER COLORADO RIVER AUTHORITY,LOWER COLORADO RIVER AUTHORITY,Routine - Monitoring not intentionally targeted toward any environmental condition or event,,,"NITRITE PLUS NITRATE, TOTAL ONE LAB DETERMINED VALUE (MG/L AS N)",630,,6.92,L116439,30.229473,-97.520581,,56809.01223
1428,12466,COLORADO RIVER AT COUNTY PARK,,,,12/6/2017,11:48,0.3,LOWER COLORADO RIVER AUTHORITY,LOWER COLORADO RIVER AUTHORITY,Routine - Monitoring not intentionally targeted toward any environmental condition or event,,,"NITRITE PLUS NITRATE, TOTAL ONE LAB DETERMINED VALUE (MG/L AS N)",630,,11.2,L124071,30.229473,-97.520581,,57543.70056
1428,12466,COLORADO RIVER AT COUNTY PARK,,,,10/15/2018,12:16,0.3,LOWER COLORADO RIVER AUTHORITY,LOWER COLORADO RIVER AUTHORITY,Routine - Monitoring not intentionally targeted toward any environmental condition or event,,,"NITRITE PLUS NITRATE, TOTAL ONE LAB DETERMINED VALUE (MG/L AS N)",630,,1.93,L128314,30.229473,-97.520581,,57847.45
1428,12466,COLORADO RIVER AT COUNTY PARK,,,,10/2/2017,9:20,0.3,LOWER COLORADO RIVER AUTHORITY,LOWER COLORADO RIVER AUTHORITY,Routine - Monitoring not intentionally targeted toward any environmental condition or event,,,"NITRITE PLUS NITRATE, TOTAL ONE LAB DETERMINED VALUE (MG/L AS N)",630,,5.55,L122829,30.229473,-97.520581,,57472.94778
1428,12466,COLORADO RIVER AT COUNTY PARK,,,,8/8/2017,12:41,0.4,LOWER COLORADO RIVER AUTHORITY,LOWER COLORADO RIVER AUTHORITY,Routine - Monitoring not intentionally targeted toward any environmental condition or event,,,"NITRITE PLUS NITRATE, TOTAL ONE LAB DETERMINED VALUE (MG/L AS N)",630,,2.69,L122446,30.229473,-97.520581,,57415.32736
1428,12466,COLORADO RIVER AT COUNTY PARK,,,,4/2/2019,1:13,0.3,LOWER COLORADO RIVER AUTHORITY,LOWER COLORADO RIVER AUTHORITY,Routine - Monitoring not intentionally targeted toward any environmental condition or event,,,"NITRITE PLUS NITRATE, TOTAL ONE LAB DETERMINED VALUE (MG/L AS N)",630,,3.65,L131477,30.229473,-97.520581,,58017.70959
1428,12466,COLORADO RIVER AT COUNTY PARK,,,,8/28/2018,8:22,0.3,LOWER COLORADO RIVER AUTHORITY,LOWER COLORADO RIVER AUTHORITY,Routine - Monitoring not intentionally targeted toward any environmental condition or event,,,"NITRITE PLUS NITRATE, TOTAL ONE LAB DETERMINED VALUE (MG/L AS N)",630,,2.36,L127758,30.229473,-97.520581,,57799.7175
1428,12466,COLORADO RIVER AT COUNTY PARK,,,,6/26/2018,2:52,0.4,LOWER COLORADO RIVER AUTHORITY,LOWER COLORADO RIVER AUTHORITY,Routine - Monitoring not intentionally targeted toward any environmental condition or event,,,"NITRITE PLUS NITRATE, TOTAL ONE LAB DETERMINED VALUE (MG/L AS N)",630,,3.47,L127019,30.229473,-97.520581,,57737.69834
1428,12466,COLORADO RIVER AT COUNTY PARK,,,,6/10/2019,12:37,0.3,LOWER COLORADO RIVER AUTHORITY,LOWER COLORADO RIVER AUTHORITY,Routine - Monitoring not intentionally targeted toward any environmental condition or event,,,"NITRITE PLUS NITRATE, TOTAL ONE LAB DETERMINED VALUE (MG/L AS N)",630,,1.33,L132301,30.229473,-97.520581,,58084.86459
1428,12466,COLORADO RIVER AT COUNTY PARK,,,,2/6/2017,12:58,0.3,LOWER COLORADO RIVER AUTHORITY,LOWER COLORADO RIVER AUTHORITY,Routine - Monitoring not intentionally targeted toward any environmental condition or event,,,"NITRITE PLUS NITRATE, TOTAL ONE LAB DETERMINED VALUE (MG/L AS N)",630,,3.92,L120335,30.229473,-97.520581,,57233.46917
1428,12466,COLORADO RIVER AT COUNTY PARK,,,,12/6/2016,12:30,0.3,LOWER COLORADO RIVER AUTHORITY,LOWER COLORADO RIVER AUTHORITY,Routine - Monitoring not intentionally targeted toward any environmental condition or event,,,"NITRITE PLUS NITRATE, TOTAL ONE LAB DETERMINED VALUE (MG/L AS N)",630,,2.89,L119797,30.229473,-97.520581,,57170.41973
1428,12466,COLORADO RIVER AT COUNTY PARK,,,,4/5/2017,11:51,0.3,LOWER COLORADO RIVER AUTHORITY,LOWER COLORADO RIVER AUTHORITY,Routine - Monitoring not intentionally targeted toward any environmental condition or event,,,"NITRITE PLUS NITRATE, TOTAL ONE LAB DETERMINED VALUE (MG/L AS N)",630,,0.9,L120812,30.229473,-97.520581,,57288.40264
1428,12466,COLORADO RIVER AT COUNTY PARK,,,,10/14/2019,11:58,0.3,LOWER COLORADO RIVER AUTHORITY,LOWER COLORADO RIVER AUTHORITY,Routine - Monitoring not intentionally targeted toward any environmental condition or event,,,"NITRITE PLUS NITRATE, TOTAL ONE LAB DETERMINED VALUE (MG/L AS N)",630,,11.6,L134379,30.229473,-97.520581,,58221.1075
1428,12466,COLORADO RIVER AT COUNTY PARK,,,,8/17/2020,10:34,0.3,LOWER COLORADO RIVER AUTHORITY,LOWER COLORADO RIVER AUTHORITY,Routine - Monitoring not intentionally targeted toward any environmental condition or event,,,"NITRITE PLUS NITRATE, TOTAL ONE LAB DETERMINED VALUE (MG/L AS N)",630,,2.32,L137573,30.229473,-97.520581,,58519.76917
1428,12466,COLORADO RIVER AT COUNTY PARK,,,,6/4/2020,12:23,0.3,LOWER COLORADO RIVER AUTHORITY,LOWER COLORADO RIVER AUTHORITY,Routine - Monitoring not intentionally targeted toward any environmental condition or event,,,"NITRITE PLUS NITRATE, TOTAL ONE LAB DETERMINED VALUE (MG/L AS N)",630,,4.15,L137039,30.229473,-97.520581,,58447.67486
1428,12466,COLORADO RIVER AT COUNTY PARK,,,,12/5/2019,12:35,0.3,LOWER COLORADO RIVER AUTHORITY,LOWER COLORADO RIVER AUTHORITY,Routine - Monitoring not intentionally targeted toward any environmental condition or event,,,"NITRITE PLUS NITRATE, TOTAL ONE LAB DETERMINED VALUE (MG/L AS N)",630,,11.4,L135015,30.229473,-97.520581,,58272.9332
1428,12466,COLORADO RIVER AT COUNTY PARK,,,,10/13/2020,12:01,0.3,LOWER COLORADO RIVER AUTHORITY,LOWER COLORADO RIVER AUTHORITY,Routine - Monitoring not intentionally targeted toward any environmental condition or event,,,"NITRITE PLUS NITRATE, TOTAL ONE LAB DETERMINED VALUE (MG/L AS N)",630,,4.5,L138112,30.229473,-97.520581,,58579.00959
1428,12466,COLORADO RIVER AT COUNTY PARK,,,,12/9/2021,11:24,0.3,LOWER COLORADO RIVER AUTHORITY,LOWER COLORADO RIVER AUTHORITY,Routine - Monitoring not intentionally targeted toward any environmental condition or event,,,"NITRITE PLUS NITRATE, TOTAL ONE LAB DETERMINED VALUE (MG/L AS N)",630,,8.66,L141705,30.229473,-97.520581,,59005.14389
1428,12466,COLORADO RIVER AT COUNTY PARK,,,,10/21/2021,1:34,0.3,LOWER COLORADO RIVER AUTHORITY,LOWER COLORADO RIVER AUTHORITY,Routine - Monitoring not intentionally targeted toward any environmental condition or event,,,"NITRITE PLUS NITRATE, TOTAL ONE LAB DETERMINED VALUE (MG/L AS N)",630,,6.02,L141487,30.229473,-97.520581,,58953.09417
1428,12466,COLORADO RIVER AT COUNTY PARK,,,,4/4/2018,11:57,0.3,LOWER COLORADO RIVER AUTHORITY,LOWER COLORADO RIVER AUTHORITY,Routine - Monitoring not intentionally targeted toward any environmental condition or event,,,"NITRITE PLUS NITRATE, TOTAL ONE LAB DETERMINED VALUE (MG/L AS N)",630,,8.65,L125692,30.229473,-97.520581,,57660.15681
1428,12466,COLORADO RIVER AT COUNTY PARK,,,,2/10/2022,12:22,0.3,LOWER COLORADO RIVER AUTHORITY,LOWER COLORADO RIVER AUTHORITY,Routine - Monitoring not intentionally targeted toward any environmental condition or event,,,"NITRITE PLUS NITRATE, TOTAL ONE LAB DETERMINED VALUE (MG/L AS N)",630,,7.72,L142190,30.229473,-97.520581,,59067.24417
1428,12466,COLORADO RIVER AT COUNTY PARK,,,,12/18/2018,12:56,0.4,LOWER COLORADO RIVER AUTHORITY,LOWER COLORADO RIVER AUTHORITY,Routine - Monitoring not intentionally targeted toward any environmental condition or event,,,"NITRITE PLUS NITRATE, TOTAL ONE LAB DETERMINED VALUE (MG/L AS N)",630,,2.21,L130183,30.229473,-97.520581,,57911.85778
1428,12466,COLORADO RIVER AT COUNTY PARK,,,,2/8/2018,11:54,0.3,LOWER COLORADO RIVER AUTHORITY,LOWER COLORADO RIVER AUTHORITY,Routine - Monitoring not intentionally targeted toward any environmental condition or event,,,"NITRITE PLUS NITRATE, TOTAL ONE LAB DETERMINED VALUE (MG/L AS N)",630,,11.8,L124914,30.229473,-97.520581,,57608.30473
1428,12466,COLORADO RIVER AT COUNTY PARK,,,,2/11/2019,1:50,0.4,LOWER COLORADO RIVER AUTHORITY,LOWER COLORADO RIVER AUTHORITY,Routine - Monitoring not intentionally targeted toward any environmental condition or event,,,"NITRITE PLUS NITRATE, TOTAL ONE LAB DETERMINED VALUE (MG/L AS N)",630,,2.4,L130596,30.229473,-97.520581,,57966.58528
1428,12466,COLORADO RIVER AT COUNTY PARK,,,,4/8/2020,11:36,0.3,LOWER COLORADO RIVER AUTHORITY,LOWER COLORADO RIVER AUTHORITY,Routine - Monitoring not intentionally targeted toward any environmental condition or event,,,"NITRITE PLUS NITRATE, TOTAL ONE LAB DETERMINED VALUE (MG/L AS N)",630,,3.57,L136003,30.229473,-97.520581,,58390.06223
1428,12466,COLORADO RIVER AT COUNTY PARK,,,,6/3/2021,1:13,0.3,LOWER COLORADO RIVER AUTHORITY,LOWER COLORADO RIVER AUTHORITY,Routine - Monitoring not intentionally targeted toward any environmental condition or event,,,"NITRITE PLUS NITRATE, TOTAL ONE LAB DETERMINED VALUE (MG/L AS N)",630,,0.71,L140144,30.229473,-97.520581,,58807.76959
1428,12466,COLORADO RIVER AT COUNTY PARK,,,,2/4/2020,12:29,0.3,LOWER COLORADO RIVER AUTHORITY,LOWER COLORADO RIVER AUTHORITY,Routine - Monitoring not intentionally targeted toward any environmental condition or event,,,"NITRITE PLUS NITRATE, TOTAL ONE LAB DETERMINED VALUE (MG/L AS N)",630,,9,L135486,30.229473,-97.520581,,58331.52903
1428,12466,COLORADO RIVER AT COUNTY PARK,,,,8/23/2021,2:44,0.3,LOWER COLORADO RIVER AUTHORITY,LOWER COLORADO RIVER AUTHORITY,Routine - Monitoring not intentionally targeted toward any environmental condition or event,,,"NITRITE PLUS NITRATE, TOTAL ONE LAB DETERMINED VALUE (MG/L AS N)",630,,2.9,L140947,30.229473,-97.520581,,58891.02278
1428,12466,COLORADO RIVER AT COUNTY PARK,,,,2/2/2021,2:10,0.3,LOWER COLORADO RIVER AUTHORITY,LOWER COLORADO RIVER AUTHORITY,Routine - Monitoring not intentionally targeted toward any environmental condition or event,,,"NITRITE PLUS NITRATE, TOTAL ONE LAB DETERMINED VALUE (MG/L AS N)",630,,11.6,L139028,30.229473,-97.520581,,58697.69917
1428,12466,COLORADO RIVER AT COUNTY PARK,,,,8/15/2019,12:28,0.3,LOWER COLORADO RIVER AUTHORITY,LOWER COLORADO RIVER AUTHORITY,Routine - Monitoring not intentionally targeted toward any environmental condition or event,,,"NITRITE PLUS NITRATE, TOTAL ONE LAB DETERMINED VALUE (MG/L AS N)",630,,6.39,L133935,30.229473,-97.520581,,58155.91834
1428,12466,COLORADO RIVER AT COUNTY PARK,,,,4/1/2021,12:53,0.3,LOWER COLORADO RIVER AUTHORITY,LOWER COLORADO RIVER AUTHORITY,Routine - Monitoring not intentionally targeted toward any environmental condition or event,,,"NITRITE PLUS NITRATE, TOTAL ONE LAB DETERMINED VALUE (MG/L AS N)",630,,12.4,L139694,30.229473,-97.520581,Filamentous algae present.,58756.9457
1428,12466,COLORADO RIVER AT COUNTY PARK,,,,12/14/2020,12:00,0.3,LOWER COLORADO RIVER AUTHORITY,LOWER COLORADO RIVER AUTHORITY,Routine - Monitoring not intentionally targeted toward any environmental condition or event,,,"NITRITE PLUS NITRATE, TOTAL ONE LAB DETERMINED VALUE (MG/L AS N)",630,,11.1,L138760,30.229473,-97.520581,,58647.60889
1428,12466,COLORADO RIVER AT COUNTY PARK,,,,4/25/2022,12:09,0.3,LOWER COLORADO RIVER AUTHORITY,LOWER COLORADO RIVER AUTHORITY,Routine - Monitoring not intentionally targeted toward any environmental condition or event,,,"NITRITE PLUS NITRATE, TOTAL ONE LAB DETERMINED VALUE (MG/L AS N)",630,,3.51,L143091,30.229473,-97.520581,Dam releasing at time of sampling,59137.02514
